en
S,en,Azerbaijan,ru,Азербайджан
T,en,Baku,ru,Баку
T,en,Ganca,ru,Гянджа
T,en,Sumqayit,ru,Сумгаит
T,en,Mingacevir,ru,Мингечаур
T,en,Nakhichevan,ru,Нахичевань
T,en,Shaki,ru,Шеки
S,en,Belarus,ru,Белоруссия
T,en,Minsk,ru,Минск
T,en,Brest,ru,Брест
T,en,Gomel,ru,Гомель
T,en,Grodno,ru,Гродно
T,en,Mogilev,ru,Могилев
T,en,Vitebsk,ru,Витебск
T,en,Bobruysk,ru,Бобруйск
S,en,Estonia,ru,Эстония
T,en,Tallinn,ru,Таллинн
T,en,Narva,ru,Нарва
S,en,Russia,ru,Россия
T,en,Abakan,ru,Абакан
T,en,Abaza,ru,Абаза
T,en,Abdulino,ru,Абдулино
T,en,Abinsk,ru,Абинск
T,en,Achinsk,ru,Ачинск
T,en,Adygeysk,ru,Адыгейск
T,en,Agidel,ru,Агидель
T,en,Agryz,ru,Агрыз
T,en,Ak-Dovurak,ru,Ак-Довурак
T,en,Akhtubinsk,ru,Ахтубинск
T,en,Aksay,ru,Аксай
T,en,Alagir,ru,Алагир
T,en,Alapayevsk,ru,Алапаевск
T,en,Alatyr,ru,Алатырь
T,en,Aldan,ru,Алдан
T,en,Aleksandrov,ru,Александров
T,en,Aleksandrovsk,ru,Александровск
T,en,Aleksandrovsk-Sakhalinsky,ru,Александровск-Сахалинский
T,en,Alekseyevka,ru,Алексеевка
T,en,Aleksin,ru,Алексин
T,en,Aleysk,ru,Алейск
T,en,Almetyevsk,ru,Альметьевск
T,en,Alzamay,ru,Алзамай
T,en,Amursk,ru,Амурск
T,en,Anadyr,ru,Анадырь
T,en,Anapa,ru,Анапа
T,en,Andreapol,ru,Андреаполь
T,en,Angarsk,ru,Ангарск
T,en,Aniva,ru,Анива
T,en,Anzhero-Sudzhensk,ru,Анжеро-Судженск
T,en,Apatity,ru,Апатиты
T,en,Aprelevka,ru,Апрелевка
T,en,Apsheronsk,ru,Апшеронск
T,en,Aramil,ru,Арамиль
T,en,Ardatov,ru,Ардатов
T,en,Ardon,ru,Ардон
T,en,Argun,ru,Аргун
T,en,Arkadak,ru,Аркадак
T,en,Arkhangelsk,ru,Архангельск
T,en,Armavir,ru,Армавир
T,en,Arsenyev,ru,Арсеньев
T,en,Artyom,ru,Артём
T,en,Artyomovsk,ru,Артёмовск
T,en,Artyomovsky,ru,Артёмовский
T,en,Arzamas,ru,Арзамас
T,en,Asbest,ru,Асбест
T,en,Asha,ru,Аша
T,en,Asino,ru,Асино
T,en,Astrakhan,ru,Астрахань
T,en,Atkarsk,ru,Аткарск
T,en,Aznakayevo,ru,Азнакаево
T,en,Azov,ru,Азов
T,en,Babayevo,ru,Бабаево
T,en,Babushkin,ru,Бабушкин
T,en,Bagrationovsk,ru,Багратионовск
T,en,Bakal,ru,Бакал
T,en,Baksan,ru,Баксан
T,en,Balabanovo,ru,Балабаново
T,en,Balakhna,ru,Балахна
T,en,Balakovo,ru,Балаково
T,en,Balashikha,ru,Балашиха
T,en,Balashov,ru,Балашов
T,en,Baley,ru,Балей
T,en,Baltiysk,ru,Балтийск
T,en,Barabinsk,ru,Барабинск
T,en,Barnaul,ru,Барнаул
T,en,Barysh,ru,Барыш
T,en,Bataysk,ru,Батайск
T,en,Bavly,ru,Бавлы
T,en,Baykalsk,ru,Байкальск
T,en,Baymak,ru,Баймак
T,en,Belaya Kalitva,ru,Белая Калитва
T,en,Belaya Kholunitsa,ru,Белая Холуница
T,en,Belebey,ru,Белебей
T,en,Belev,ru,Белев
T,en,Belgorod,ru,Белгород
T,en,Belinsky,ru,Белинский
T,en,Belogorsk,ru,Белогорск
T,en,Belokurikha,ru,Белокуриха
T,en,Belomorsk,ru,Беломорск
T,en,Belorechensk,ru,Белореченск
T,en,Beloretsk,ru,Белорецк
T,en,Belovo,ru,Белово
T,en,Beloyarsky,ru,Белоярский
T,en,Belozersk,ru,Белозерск
T,en,Bely,ru,Белый
T,en,Berdsk,ru,Бердск
T,en,Berezniki,ru,Березники
T,en,Berezovsky,ru,Березовский
T,en,Berezovsky,ru,Березовский
T,en,Beslan,ru,Беслан
T,en,Bezhetsk,ru,Бежецк
T,en,Bikin,ru,Бикин
T,en,Bilibino,ru,Билибино
T,en,Birobidzhan,ru,Биробиджан
T,en,Birsk,ru,Бирск
T,en,Biryuch,ru,Бирюч
T,en,Biryusinsk,ru,Бирюсинск
T,en,Biysk,ru,Бийск
T,en,Blagodarny,ru,Благодарный
T,en,Blagoveshchensk,ru,Благовещенск
T,en,Blagoveshchensk,ru,Благовещенск
T,en,Bobrov,ru,Бобров
T,en,Bodaybo,ru,Бодайбо
T,en,Bogdanovich,ru,Богданович
T,en,Bogoroditsk,ru,Богородицк
T,en,Bogorodsk,ru,Богородск
T,en,Bogotol,ru,Боготол
T,en,Boguchar,ru,Богучар
T,en,Boksitogorsk,ru,Бокситогорск
T,en,Bolgar,ru,Болгар
T,en,Bolkhov,ru,Болхов
T,en,Bologoye,ru,Бологое
T,en,Bolokhovo,ru,Болохово
T,en,Bolotnoye,ru,Болотное
T,en,Bolshoy Kamen,ru,Большой Камень
T,en,Bor,ru,Бор
T,en,Borisoglebsk,ru,Борисоглебск
T,en,Borodino,ru,Бородино
T,en,Borovichi,ru,Боровичи
T,en,Borovsk,ru,Боровск
T,en,Borzya,ru,Борзя
T,en,Bratsk,ru,Братск
T,en,Bronnitsy,ru,Бронницы
T,en,Bryansk,ru,Брянск
T,en,Budyonnovsk,ru,Будённовск
T,en,Bugulma,ru,Бугульма
T,en,Buguruslan,ru,Бугуруслан
T,en,Buinsk,ru,Буинск
T,en,Buturlinovka,ru,Бутурлиновка
T,en,Buy,ru,Буй
T,en,Buynaksk,ru,Буйнакск
T,en,Buzuluk,ru,Бузулук
T,en,Chadan,ru,Чадан
T,en,Chapayevsk,ru,Чапаевск
T,en,Chaplygin,ru,Чаплыгин
T,en,Chaykovsky,ru,Чайковский
T,en,Chebarkul,ru,Чебаркуль
T,en,Cheboksary,ru,Чебоксары
T,en,Chegem,ru,Чегем
T,en,Chekalin,ru,Чекалин
T,en,Chekhov,ru,Чехов
T,en,Chelyabinsk,ru,Челябинск
T,en,Cherdyn,ru,Чердынь
T,en,Cheremkhovo,ru,Черемхово
T,en,Cherepanovo,ru,Черепаново
T,en,Cherepovets,ru,Череповец
T,en,Cherkessk,ru,Черкесск
T,en,Chermoz,ru,Чермоз
T,en,Chernogolovka,ru,Черноголовка
T,en,Chernogorsk,ru,Черногорск
T,en,Chernushka,ru,Чернушка
T,en,Chernyakhovsk,ru,Черняховск
T,en,Chistopol,ru,Чистополь
T,en,Chita,ru,Чита
T,en,Chkalovsk,ru,Чкаловск
T,en,Chudovo,ru,Чудово
T,en,Chukhloma,ru,Чухлома
T,en,Chulym,ru,Чулым
T,en,Chusovoy,ru,Чусовой
T,en,Dagestanskiye Ogni,ru,Дагестанские Огни
T,en,Dalmatovo,ru,Далматово
T,en,Dalnegorsk,ru,Дальнегорск
T,en,Dalnerechensk,ru,Дальнереченск
T,en,Danilov,ru,Данилов
T,en,Dankov,ru,Данков
T,en,Davlekanovo,ru,Давлеканово
T,en,Dedovsk,ru,Дедовск
T,en,Degtyarsk,ru,Дегтярск
T,en,Demidov,ru,Демидов
T,en,Derbent,ru,Дербент
T,en,Desnogorsk,ru,Десногорск
T,en,Digora,ru,Дигора
T,en,Dimitrovgrad,ru,Димитровград
T,en,Divnogorsk,ru,Дивногорск
T,en,Dmitriyev-Lgovsky,ru,Дмитриев-Льговский
T,en,Dmitrov,ru,Дмитров
T,en,Dmitrovsk,ru,Дмитровск
T,en,Dno,ru,Дно
T,en,Dobryanka,ru,Добрянка
T,en,Dolgoprudny,ru,Долгопрудный
T,en,Dolinsk,ru,Долинск
T,en,Domodedovo,ru,Домодедово
T,en,Donetsk,ru,Донецк
T,en,Donskoy,ru,Донской
T,en,Dorogobuzh,ru,Дорогобуж
T,en,Drezna,ru,Дрезна
T,en,Dubna,ru,Дубна
T,en,Dubovka,ru,Дубовка
T,en,Dudinka,ru,Дудинка
T,en,Dukhovshchina,ru,Духовщина
T,en,Dyatkovo,ru,Дятьково
T,en,Dyurtyuli,ru,Дюртюли
T,en,Dzerzhinsk,ru,Дзержинск
T,en,Dzerzhinsky,ru,Дзержинский
T,en,Elektrogorsk,ru,Электрогорск
T,en,Elektrostal,ru,Электросталь
T,en,Elektrougli,ru,Электроугли
T,en,Elista,ru,Элиста
T,en,Engels,ru,Энгельс
T,en,Ertil,ru,Эртиль
T,en,Fatezh,ru,Фатеж
T,en,Fokino,ru,Фокино
T,en,Fokino,ru,Фокино
T,en,Frolovo,ru,Фролово
T,en,Fryazino,ru,Фрязино
T,en,Furmanov,ru,Фурманов
T,en,Gadzhiyevo,ru,Гаджиево
T,en,Gagarin,ru,Гагарин
T,en,Galich,ru,Галич
T,en,Gatchina,ru,Гатчина
T,en,Gavrilov Posad,ru,Гаврилов Посад
T,en,Gavrilov-Yam,ru,Гаврилов-Ям
T,en,Gay,ru,Гай
T,en,Gdov,ru,Гдов
T,en,Gelendzhik,ru,Геленджик
T,en,Georgiyevsk,ru,Георгиевск
T,en,Glazov,ru,Глазов
T,en,Golitsyno,ru,Голицыно
T,en,Gorbatov,ru,Горбатов
T,en,Gorno-Altaysk,ru,Горно-Алтайск
T,en,Gornozavodsk,ru,Горнозаводск
T,en,Gornyak,ru,Горняк
T,en,Gorodets,ru,Городец
T,en,Gorodishche,ru,Городище
T,en,Gorodovikovsk,ru,Городовиковск
T,en,Gorokhovets,ru,Гороховец
T,en,Goryachy Klyuch,ru,Горячий Ключ
T,en,Grayvoron,ru,Грайворон
T,en,Gremyachinsk,ru,Гремячинск
T,en,Grozny,ru,Грозный
T,en,Gryazi,ru,Грязи
T,en,Gryazovets,ru,Грязовец
T,en,Gubakha,ru,Губаха
T,en,Gubkin,ru,Губкин
T,en,Gubkinsky,ru,Губкинский
T,en,Gudermes,ru,Гудермес
T,en,Gukovo,ru,Гуково
T,en,Gulkevichi,ru,Гулькевичи
T,en,Guryevsk,ru,Гурьевск
T,en,Guryevsk,ru,Гурьевск
T,en,Gusev,ru,Гусев
T,en,Gusinoozersk,ru,Гусиноозерск
T,en,Gus-Khrustalny,ru,Гусь-Хрустальный
T,en,Gvardeysk,ru,Гвардейск
T,en,Igarka,ru,Игарка
T,en,Ilansky,ru,Иланский
T,en,Insar,ru,Инсар
T,en,Inta,ru,Инта
T,en,Inza,ru,Инза
T,en,Ipatovo,ru,Ипатово
T,en,Irbit,ru,Ирбит
T,en,Irkutsk,ru,Иркутск
T,en,Ishim,ru,Ишим
T,en,Ishimbay,ru,Ишимбай
T,en,Isilkul,ru,Исилькуль
T,en,Iskitim,ru,Искитим
T,en,Istra,ru,Истра
T,en,Ivangorod,ru,Ивангород
T,en,Ivanovo,ru,Иваново
T,en,Ivanteyevka,ru,Ивантеевка
T,en,Ivdel,ru,Ивдель
T,en,Izberbash,ru,Избербаш
T,en,Izhevsk,ru,Ижевск
T,en,Izobilny,ru,Изобильный
T,en,Kachkanar,ru,Качканар
T,en,Kadnikov,ru,Кадников
T,en,Kalach,ru,Калач
T,en,Kalachinsk,ru,Калачинск
T,en,Kalach-na-Donu,ru,Калач-на-Дону
T,en,Kaliningrad,ru,Калининград
T,en,Kalininsk,ru,Калининск
T,en,Kaltan,ru,Калтан
T,en,Kaluga,ru,Калуга
T,en,Kalyazin,ru,Калязин
T,en,Kambarka,ru,Камбарка
T,en,Kamenka,ru,Каменка
T,en,Kamen-na-Obi,ru,Камень-на-Оби
T,en,Kamennogorsk,ru,Каменногорск
T,en,Kamensk-Shakhtinsky,ru,Каменск-Шахтинский
T,en,Kamensk-Uralsky,ru,Каменск-Уральский
T,en,Kameshkovo,ru,Камешково
T,en,Kamyshin,ru,Камышин
T,en,Kamyshlov,ru,Камышлов
T,en,Kamyzyak,ru,Камызяк
T,en,Kanash,ru,Канаш
T,en,Kandalaksha,ru,Кандалакша
T,en,Kansk,ru,Канск
T,en,Karabanovo,ru,Карабаново
T,en,Karabash,ru,Карабаш
T,en,Karabulak,ru,Карабулак
T,en,Karachayevsk,ru,Карачаевск
T,en,Karachev,ru,Карачев
T,en,Karasuk,ru,Карасук
T,en,Kargat,ru,Каргат
T,en,Kargopol,ru,Каргополь
T,en,Karpinsk,ru,Карпинск
T,en,Kartaly,ru,Карталы
T,en,Kashin,ru,Кашин
T,en,Kashira,ru,Кашира
T,en,Kasimov,ru,Касимов
T,en,Kasli,ru,Касли
T,en,Kaspiysk,ru,Каспийск
T,en,Katav-Ivanovsk,ru,Катав-Ивановск
T,en,Kataysk,ru,Катайск
T,en,Kazan,ru,Казань
T,en,Kedrovy,ru,Кедровый
T,en,Kem,ru,Кемь
T,en,Kemerovo,ru,Кемерово
T,en,Khabarovsk,ru,Хабаровск
T,en,Khadyzhensk,ru,Хадыженск
T,en,Khanty-Mansiysk,ru,Ханты-Мансийск
T,en,Kharabali,ru,Харабали
T,en,Kharovsk,ru,Харовск
T,en,Khasavyurt,ru,Хасавюрт
T,en,Khilok,ru,Хилок
T,en,Khimki,ru,Химки
T,en,Kholm,ru,Холм
T,en,Kholmsk,ru,Холмск
T,en,Khotkovo,ru,Хотьково
T,en,Khvalynsk,ru,Хвалынск
T,en,Kimovsk,ru,Кимовск
T,en,Kimry,ru,Кимры
T,en,Kinel,ru,Кинель
T,en,Kineshma,ru,Кинешма
T,en,Kingisepp,ru,Кингисепп
T,en,Kirensk,ru,Киренск
T,en,Kireyevsk,ru,Киреевск
T,en,Kirillov,ru,Кириллов
T,en,Kirishi,ru,Кириши
T,en,Kirov,ru,Киров
T,en,Kirov,ru,Киров
T,en,Kirovgrad,ru,Кировград
T,en,Kirovo-Chepetsk,ru,Кирово-Чепецк
T,en,Kirovsk,ru,Кировск
T,en,Kirovsk,ru,Кировск
T,en,Kirs,ru,Кирс
T,en,Kirsanov,ru,Кирсанов
T,en,Kirzhach,ru,Киржач
T,en,Kiselevsk,ru,Киселевск
T,en,Kislovodsk,ru,Кисловодск
T,en,Kizel,ru,Кизел
T,en,Kizilyurt,ru,Кизилюрт
T,en,Kizlyar,ru,Кизляр
T,en,Klimovsk,ru,Климовск
T,en,Klin,ru,Клин
T,en,Klintsy,ru,Клинцы
T,en,Knyaginino,ru,Княгинино
T,en,Kodinsk,ru,Кодинск
T,en,Kogalym,ru,Когалым
T,en,Kokhma,ru,Кохма
T,en,Kola,ru,Кола
T,en,Kolchugino,ru,Кольчугино
T,en,Kologriv,ru,Кологрив
T,en,Kolomna,ru,Коломна
T,en,Kolpashevo,ru,Колпашево
T,en,Kolpino,ru,Колпино
T,en,Kommunar,ru,Коммунар
T,en,Komsomolsk,ru,Комсомольск
T,en,Komsomolsk-na-Amure,ru,Комсомольск-на-Амуре
T,en,Konakovo,ru,Конаково
T,en,Kondopoga,ru,Кондопога
T,en,Kondrovo,ru,Кондрово
T,en,Konstantinovsk,ru,Константиновск
T,en,Kopeysk,ru,Копейск
T,en,Korablino,ru,Кораблино
T,en,Korenovsk,ru,Кореновск
T,en,Korkino,ru,Коркино
T,en,Korocha,ru,Короча
T,en,Korolyov,ru,Королёв
T,en,Korsakov,ru,Корсаков
T,en,Koryazhma,ru,Коряжма
T,en,Kosteryovo,ru,Костерёво
T,en,Kostomuksha,ru,Костомукша
T,en,Kostroma,ru,Кострома
T,en,Kotelnich,ru,Котельнич
T,en,Kotelniki,ru,Котельники
T,en,Kotelnikovo,ru,Котельниково
T,en,Kotlas,ru,Котлас
T,en,Kotovo,ru,Котово
T,en,Kotovsk,ru,Котовск
T,en,Kovdor,ru,Ковдор
T,en,Kovrov,ru,Ковров
T,en,Kovylkino,ru,Ковылкино
T,en,Kozelsk,ru,Козельск
T,en,Kozlovka,ru,Козловка
T,en,Kozmodemyansk,ru,Козьмодемьянск
T,en,Krasavino,ru,Красавино
T,en,Krasnoarmeysk,ru,Красноармейск
T,en,Krasnoarmeysk,ru,Красноармейск
T,en,Krasnodar,ru,Краснодар
T,en,Krasnogorsk,ru,Красногорск
T,en,Krasnokamensk,ru,Краснокаменск
T,en,Krasnokamsk,ru,Краснокамск
T,en,Krasnoslobodsk,ru,Краснослободск
T,en,Krasnoslobodsk,ru,Краснослободск
T,en,Krasnoturinsk,ru,Краснотурьинск
T,en,Krasnoufimsk,ru,Красноуфимск
T,en,Krasnouralsk,ru,Красноуральск
T,en,Krasnovishersk,ru,Красновишерск
T,en,Krasnoyarsk,ru,Красноярск
T,en,Krasnoye Selo,ru,Красное Село
T,en,Krasnozavodsk,ru,Краснозаводск
T,en,Krasnoznamensk,ru,Краснознаменск
T,en,Krasnoznamyonsk,ru,Краснознамёнск
T,en,Krasny Kholm,ru,Красный Холм
T,en,Krasny Kut,ru,Красный Кут
T,en,Krasny Sulin,ru,Красный Сулин
T,en,Kronstadt,ru,Кронштадт
T,en,Kropotkin,ru,Кропоткин
T,en,Krymsk,ru,Крымск
T,en,Kstovo,ru,Кстово
T,en,Kubinka,ru,Кубинка
T,en,Kudymkar,ru,Кудымкар
T,en,Kulebaki,ru,Кулебаки
T,en,Kumertau,ru,Кумертау
T,en,Kungur,ru,Кунгур
T,en,Kupino,ru,Купино
T,en,Kurchatov,ru,Курчатов
T,en,Kurgan,ru,Курган
T,en,Kurganinsk,ru,Курганинск
T,en,Kurilsk,ru,Курильск
T,en,Kurlovo,ru,Курлово
T,en,Kurovskoye,ru,Куровское
T,en,Kursk,ru,Курск
T,en,Kurtamysh,ru,Куртамыш
T,en,Kusa,ru,Куса
T,en,Kushva,ru,Кушва
T,en,Kuvandyk,ru,Кувандык
T,en,Kuvshinovo,ru,Кувшиново
T,en,Kuybyshev,ru,Куйбышев
T,en,Kuznetsk,ru,Кузнецк
T,en,Kyakhta,ru,Кяхта
T,en,Kyshtym,ru,Кыштым
T,en,Kyzyl,ru,Кызыл
T,en,Labinsk,ru,Лабинск
T,en,Labytnangi,ru,Лабытнанги
T,en,Ladushkin,ru,Ладушкин
T,en,Lagan,ru,Лагань
T,en,Laishevo,ru,Лаишево
T,en,Lakhdenpokhya,ru,Лахденпохья
T,en,Lakinsk,ru,Лакинск
T,en,Langepas,ru,Лангепас
T,en,Lebedyan,ru,Лебедянь
T,en,Leninogorsk,ru,Лениногорск
T,en,Leninsk,ru,Ленинск
T,en,Leninsk-Kuznetsky,ru,Ленинск-Кузнецкий
T,en,Lensk,ru,Ленск
T,en,Lermontov,ru,Лермонтов
T,en,Lesnoy,ru,Лесной
T,en,Lesosibirsk,ru,Лесосибирск
T,en,Lesozavodsk,ru,Лесозаводск
T,en,Lgov,ru,Льгов
T,en,Likhoslavl,ru,Лихославль
T,en,Likino-Dulyovo,ru,Ликино-Дулёво
T,en,Lipetsk,ru,Липецк
T,en,Lipki,ru,Липки
T,en,Liski,ru,Лиски
T,en,Livny,ru,Ливны
T,en,Lobnya,ru,Лобня
T,en,Lodeynoye Pole,ru,Лодейное Поле
T,en,Lomonosov,ru,Ломоносов
T,en,Losino-Petrovsky,ru,Лосино-Петровский
T,en,Luga,ru,Луга
T,en,Lukhovitsy,ru,Луховицы
T,en,Lukoyanov,ru,Лукоянов
T,en,Luza,ru,Луза
T,en,Lyantor,ru,Лянтор
T,en,Lyskovo,ru,Лысково
T,en,Lysva,ru,Лысьва
T,en,Lytkarino,ru,Лыткарино
T,en,Lyuban,ru,Любань
T,en,Lyubertsy,ru,Люберцы
T,en,Lyubim,ru,Любим
T,en,Lyudinovo,ru,Людиново
T,en,Magadan,ru,Магадан
T,en,Magas,ru,Магас
T,en,Magnitogorsk,ru,Магнитогорск
T,en,Makarov,ru,Макаров
T,en,Makaryev,ru,Макарьев
T,en,Makhachkala,ru,Махачкала
T,en,Makushino,ru,Макушино
T,en,Malaya Vishera,ru,Малая Вишера
T,en,Malgobek,ru,Малгобек
T,en,Malmyzh,ru,Малмыж
T,en,Maloarkhangelsk,ru,Малоархангельск
T,en,Maloyaroslavets,ru,Малоярославец
T,en,Mamadysh,ru,Мамадыш
T,en,Mamonovo,ru,Мамоново
T,en,Manturovo,ru,Мантурово
T,en,Mariinsk,ru,Мариинск
T,en,Mariinsky Posad,ru,Мариинский Посад
T,en,Marks,ru,Маркс
T,en,Maykop,ru,Майкоп
T,en,Maysky,ru,Майский
T,en,Mednogorsk,ru,Медногорск
T,en,Medvezhyegorsk,ru,Медвежьегорск
T,en,Medyn,ru,Медынь
T,en,Megion,ru,Мегион
T,en,Melenki,ru,Меленки
T,en,Meleuz,ru,Мелеуз
T,en,Mendeleyevsk,ru,Менделеевск
T,en,Menzelinsk,ru,Мензелинск
T,en,Meshchovsk,ru,Мещовск
T,en,Mezen,ru,Мезень
T,en,Mezhdurechensk,ru,Междуреченск
T,en,Mezhgorye,ru,Межгорье
T,en,Mglin,ru,Мглин
T,en,Miass,ru,Миасс
T,en,Michurinsk,ru,Мичуринск
T,en,Mikhaylov,ru,Михайлов
T,en,Mikhaylovka,ru,Михайловка
T,en,Mikhaylovsk,ru,Михайловск
T,en,Mikhaylovsk,ru,Михайловск
T,en,Mikun,ru,Микунь
T,en,Millerovo,ru,Миллерово
T,en,Mineralnyye Vody,ru,Минеральные Воды
T,en,Minusinsk,ru,Минусинск
T,en,Minyar,ru,Миньяр
T,en,Mirny,ru,Мирный
T,en,Mirny,ru,Мирный
T,en,Mogocha,ru,Могоча
T,en,Monchegorsk,ru,Мончегорск
T,en,Morozovsk,ru,Морозовск
T,en,Morshansk,ru,Моршанск
T,en,Mosalsk,ru,Мосальск
T,en,Moskovsky,ru,Московский
T,en,Moscow,ru,Москва
T,en,Mozdok,ru,Моздок
T,en,Mozhaysk,ru,Можайск
T,en,Mozhga,ru,Можга
T,en,Mtsensk,ru,Мценск
T,en,Murashi,ru,Мураши
T,en,Muravlenko,ru,Муравленко
T,en,Murmansk,ru,Мурманск
T,en,Murom,ru,Муром
T,en,Myshkin,ru,Мышкин
T,en,Myski,ru,Мыски
T,en,Mytishchi,ru,Мытищи
T,en,Naberezhnyye Chelny,ru,Набережные Челны
T,en,Nadym,ru,Надым
T,en,Nakhodka,ru,Находка
T,en,Nalchik,ru,Нальчик
T,en,Narimanov,ru,Нариманов
T,en,Naro-Fominsk,ru,Наро-Фоминск
T,en,Nartkala,ru,Нарткала
T,en,Naryan-Mar,ru,Нарьян-Мар
T,en,Navashino,ru,Навашино
T,en,Navoloki,ru,Наволоки
T,en,Nazarovo,ru,Назарово
T,en,Nazran,ru,Назрань
T,en,Nazyvayevsk,ru,Называевск
T,en,Neftegorsk, Samara Oblast,ru,Нефтегорск
T,en,Neftekamsk,ru,Нефтекамск
T,en,Neftekumsk,ru,Нефтекумск
T,en,Nefteyugansk,ru,Нефтеюганск
T,en,Nelidovo,ru,Нелидово
T,en,Neman,ru,Неман
T,en,Nerchinsk,ru,Нерчинск
T,en,Nerekhta,ru,Нерехта
T,en,Neryungri,ru,Нерюнгри
T,en,Nesterov,ru,Нестеров
T,en,Nevel,ru,Невель
T,en,Nevelsk,ru,Невельск
T,en,Nevinnomyssk,ru,Невинномысск
T,en,Nevyansk,ru,Невьянск
T,en,Neya,ru,Нея
T,en,Nikolayevsk,ru,Николаевск
T,en,Nikolayevsk-na-Amure,ru,Николаевск-на-Амуре
T,en,Nikolsk,ru,Никольск
T,en,Nikolsk,ru,Никольск
T,en,Nikolskoye,ru,Никольское
T,en,Nizhnekamsk,ru,Нижнекамск
T,en,Nizhneudinsk,ru,Нижнеудинск
T,en,Nizhnevartovsk,ru,Нижневартовск
T,en,Nizhniye Sergi,ru,Нижние Серги
T,en,Nizhny Lomov,ru,Нижний Ломов
T,en,Nizhny Novgorod,ru,Нижний Новгород
T,en,Nizhny Tagil,ru,Нижний Тагил
T,en,Nizhnyaya Salda,ru,Нижняя Салда
T,en,Nizhnyaya Tura,ru,Нижняя Тура
T,en,Noginsk,ru,Ногинск
T,en,Nolinsk,ru,Нолинск
T,en,Norilsk,ru,Норильск
T,en,Novaya Ladoga,ru,Новая Ладога
T,en,Novaya Lyalya,ru,Новая Ляля
T,en,Novoaleksandrovsk,ru,Новоалександровск
T,en,Novoaltaysk,ru,Новоалтайск
T,en,Novoanninsky,ru,Новоаннинский
T,en,Novocheboksarsk,ru,Новочебоксарск
T,en,Novocherkassk,ru,Новочеркасск
T,en,Novodvinsk,ru,Новодвинск
T,en,Novokhopyorsk,ru,Новохопёрск
T,en,Novokubansk,ru,Новокубанск
T,en,Novokuybyshevsk,ru,Новокуйбышевск
T,en,Novokuznetsk,ru,Новокузнецк
T,en,Novomichurinsk,ru,Новомичуринск
T,en,Novomoskovsk,ru,Новомосковск
T,en,Novopavlovsk,ru,Новопавловск
T,en,Novorossiysk,ru,Новороссийск
T,en,Novorzhev,ru,Новоржев
T,en,Novoshakhtinsk,ru,Новошахтинск
T,en,Novosibirsk,ru,Новосибирск
T,en,Novosil,ru,Новосиль
T,en,Novosokolniki,ru,Новосокольники
T,en,Novotroitsk,ru,Новотроицк
T,en,Novoulyanovsk,ru,Новоульяновск
T,en,Novouralsk,ru,Новоуральск
T,en,Novouzensk,ru,Новоузенск
T,en,Novovoronezh,ru,Нововоронеж
T,en,Novozybkov,ru,Новозыбков
T,en,Novy Oskol,ru,Новый Оскол
T,en,Novy Urengoy,ru,Новый Уренгой
T,en,Noyabrsk,ru,Ноябрьск
T,en,Nurlat,ru,Нурлат
T,en,Nyagan,ru,Нягань
T,en,Nyandoma,ru,Няндома
T,en,Nyazepetrovsk,ru,Нязепетровск
T,en,Nytva,ru,Нытва
T,en,Nyurba,ru,Нюрба
T,en,Ob,ru,Обь
T,en,Obluchye,ru,Облучье
T,en,Obninsk,ru,Обнинск
T,en,Oboyan,ru,Обоянь
T,en,Ochyor,ru,Очёр
T,en,Odintsovo,ru,Одинцово
T,en,Okha,ru,Оха
T,en,Okhansk,ru,Оханск
T,en,Oktyabrsk,ru,Октябрьск
T,en,Oktyabrsky,ru,Октябрьский
T,en,Okulovka,ru,Окуловка
T,en,Olenegorsk,ru,Оленегорск
T,en,Olonets,ru,Олонец
T,en,Olyokminsk,ru,Олёкминск
T,en,Omsk,ru,Омск
T,en,Omutninsk,ru,Омутнинск
T,en,Onega,ru,Онега
T,en,Opochka,ru,Опочка
T,en,Orekhovo-Zuyevo,ru,Орехово-Зуево
T,en,Oryol,ru,Орёл
T,en,Orenburg,ru,Оренбург
T,en,Orlov,ru,Орлов
T,en,Orsk,ru,Орск
T,en,Osa,ru,Оса
T,en,Osinniki,ru,Осинники
T,en,Ostashkov,ru,Осташков
T,en,Ostrogozhsk,ru,Острогожск
T,en,Ostrov,ru,Остров
T,en,Ostrovnoy,ru,Островной
T,en,Otradnoye,ru,Отрадное
T,en,Otradny,ru,Отрадный
T,en,Ozyorsk,ru,Озёрск
T,en,Ozyorsk,ru,Озёрск
T,en,Ozherelye,ru,Ожерелье
T,en,Ozyory,ru,Озёры
T,en,Pallasovka,ru,Палласовка
T,en,Partizansk,ru,Партизанск
T,en,Pavlovo,ru,Павлово
T,en,Pavlovsk,ru,Павловск
T,en,Pavlovsk,ru,Павловск
T,en,Pavlovsky Posad,ru,Павловский Посад
T,en,Pechora,ru,Печора
T,en,Pechory,ru,Печоры
T,en,Penza,ru,Пенза
T,en,Pereslavl-Zalessky,ru,Переславль-Залесский
T,en,Peresvet,ru,Пересвет
T,en,Perevoz,ru,Перевоз
T,en,Perm,ru,Пермь
T,en,Pervomaysk,ru,Первомайск
T,en,Pervouralsk,ru,Первоуральск
T,en,Pestovo,ru,Пестово
T,en,Peterhof,ru,Петергоф
T,en,Petropavlovsk-Kamchatsky,ru,Петропавловск-Камчатский
T,en,Petrov Val,ru,Петров Вал
T,en,Petrovsk,ru,Петровск
T,en,Petrovsk-Zabaykalsky,ru,Петровск-Забайкальский
T,en,Petrozavodsk,ru,Петрозаводск
T,en,Petukhovo,ru,Петухово
T,en,Petushki,ru,Петушки
T,en,Pevek,ru,Певек
T,en,Pikalyovo,ru,Пикалёво
T,en,Pionersky,ru,Пионерский
T,en,Pitkyaranta,ru,Питкяранта
T,en,Plast,ru,Пласт
T,en,Plavsk,ru,Плавск
T,en,Plyos,ru,Плёс
T,en,Pochep,ru,Почеп
T,en,Pochinok,ru,Починок
T,en,Podolsk,ru,Подольск
T,en,Podporozhye,ru,Подпорожье
T,en,Pokachi,ru,Покачи
T,en,Pokhvistnevo,ru,Похвистнево
T,en,Pokrov,ru,Покров
T,en,Pokrovsk,ru,Покровск
T,en,Polessk,ru,Полесск
T,en,Polevskoy,ru,Полевской
T,en,Polyarny,ru,Полярный
T,en,Polyarnyye Zori,ru,Полярные Зори
T,en,Polysayevo,ru,Полысаево
T,en,Porkhov,ru,Порхов
T,en,Poronaysk,ru,Поронайск
T,en,Poshekhonye,ru,Пошехонье
T,en,Povorino,ru,Поворино
T,en,Pravdinsk,ru,Правдинск
T,en,Primorsk,ru,Приморск
T,en,Primorsko-Akhtarsk,ru,Приморско-Ахтарск
T,en,Priozersk,ru,Приозерск
T,en,Privolzhsk,ru,Приволжск
T,en,Prokhladny,ru,Прохладный
T,en,Prokopyevsk,ru,Прокопьевск
T,en,Proletarsk,ru,Пролетарск
T,en,Protvino,ru,Протвино
T,en,Pskov,ru,Псков
T,en,Puchezh,ru,Пучеж
T,en,Pudozh,ru,Пудож
T,en,Pugachyov,ru,Пугачев
T,en,Pushchino,ru,Пущино
T,en,Pushkin,ru,Пушкин
T,en,Pushkino,ru,Пушкино
T,en,Pustoshka,ru,Пустошка
T,en,Pyatigorsk,ru,Пятигорск
T,en,Pytalovo,ru,Пыталово
T,en,Pyt-Yakh,ru,Пыть-Ях
T,en,Raduzhny,ru,Радужный
T,en,Raduzhny,ru,Радужный
T,en,Ramenskoye,ru,Раменское
T,en,Rasskazovo,ru,Рассказово
T,en,Raychikhinsk,ru,Райчихинск
T,en,Reutov,ru,Реутов
T,en,Revda,ru,Ревда
T,en,Rezh,ru,Реж
T,en,Rodniki,ru,Родники
T,en,Roshal,ru,Рошаль
T,en,Roslavl,ru,Рославль
T,en,Rossosh,ru,Россошь
T,en,Rostov,ru,Ростов
T,en,Rostov-on-Don,ru,Ростов-на-Дону
T,en,Rtishchevo,ru,Ртищево
T,en,Rubtsovsk,ru,Рубцовск
T,en,Rudnya,ru,Рудня
T,en,Ruza,ru,Руза
T,en,Ruzayevka,ru,Рузаевка
T,en,Ryazan,ru,Рязань
T,en,Ryazhsk,ru,Ряжск
T,en,Rybinsk,ru,Рыбинск
T,en,Rybnoye,ru,Рыбное
T,en,Rylsk,ru,Рыльск
T,en,Rzhev,ru,Ржев
T,en,Safonovo,ru,Сафоново
T,en,Saint Petersburg,ru,Санкт-Петербург
T,en,Salair,ru,Салаир
T,en,Salavat,ru,Салават
T,en,Salekhard,ru,Салехард
T,en,Salsk,ru,Сальск
T,en,Samara,ru,Самара
T,en,Saransk,ru,Саранск
T,en,Sarapul,ru,Сарапул
T,en,Saratov,ru,Саратов
T,en,Sarov,ru,Саров
T,en,Sasovo,ru,Сасово
T,en,Satka,ru,Сатка
T,en,Sayanogorsk,ru,Саяногорск
T,en,Sayansk,ru,Саянск
T,en,Sebezh,ru,Себеж
T,en,Segezha,ru,Сегежа
T,en,Seltso,ru,Сельцо
T,en,Semikarakorsk,ru,Семикаракорск
T,en,Semiluki,ru,Семилуки
T,en,Semyonov,ru,Семёнов
T,en,Sengiley,ru,Сенгилей
T,en,Serafimovich,ru,Серафимович
T,en,Serdobsk,ru,Сердобск
T,en,Sergach,ru,Сергач
T,en,Sergiyev Posad,ru,Сергиев Посад
T,en,Serov,ru,Серов
T,en,Serpukhov,ru,Серпухов
T,en,Sertolovo,ru,Сертолово
T,en,Sestroretsk,ru,Сестрорецк
T,en,Severobaykalsk,ru,Северобайкальск
T,en,Severodvinsk,ru,Северодвинск
T,en,Severo-Kurilsk,ru,Северо-Курильск
T,en,Severomorsk,ru,Североморск
T,en,Severouralsk,ru,Североуральск
T,en,Seversk,ru,Северск
T,en,Sevsk,ru,Севск
T,en,Shadrinsk,ru,Шадринск
T,en,Shagonar,ru,Шагонар
T,en,Shakhtyorsk,ru,Шахтерск
T,en,Shakhty,ru,Шахты
T,en,Shakhunya,ru,Шахунья
T,en,Shali,ru,Шали
T,en,Sharya,ru,Шарья
T,en,Sharypovo,ru,Шарыпово
T,en,Shatsk,ru,Шацк
T,en,Shatura,ru,Шатура
T,en,Shcherbinka,ru,Щербинка
T,en,Shchigry,ru,Щигры
T,en,Shchuchye,ru,Щучье
T,en,Shchyokino,ru,Щёкино
T,en,Shchyolkovo,ru,Щёлково
T,en,Shebekino,ru,Шебекино
T,en,Shelekhov,ru,Шелехов
T,en,Shenkursk,ru,Шенкурск
T,en,Shikhany,ru,Шиханы
T,en,Shilka,ru,Шилка
T,en,Shimanovsk,ru,Шимановск
T,en,Shlisselburg,ru,Шлиссельбург
T,en,Shumerlya,ru,Шумерля
T,en,Shumikha,ru,Шумиха
T,en,Shuya,ru,Шуя
T,en,Sibay,ru,Сибай
T,en,Sim,ru,Сим
T,en,Skopin,ru,Скопин
T,en,Skovorodino,ru,Сковородино
T,en,Slantsy,ru,Сланцы
T,en,Slavgorod,ru,Славгород
T,en,Slavsk,ru,Славск
T,en,Slavyansk-na-Kubani,ru,Славянск-на-Кубани
T,en,Slobodskoy,ru,Слободской
T,en,Slyudyanka,ru,Слюдянка
T,en,Smolensk,ru,Смоленск
T,en,Snezhinsk,ru,Снежинск
T,en,Snezhnogorsk,ru,Снежногорск
T,en,Sobinka,ru,Собинка
T,en,Sochi,ru,Сочи
T,en,Sokol,ru,Сокол
T,en,Sokolniki,ru,Сокольники
T,en,Soligalich,ru,Солигалич
T,en,Solikamsk,ru,Соликамск
T,en,Sol-Iletsk,ru,Соль-Илецк
T,en,Solnechnogorsk,ru,Солнечногорск
T,en,Soltsy,ru,Сольцы
T,en,Solvychegodsk,ru,Сольвычегодск
T,en,Sorochinsk,ru,Сорочинск
T,en,Sorsk,ru,Сорск
T,en,Sortavala,ru,Сортавала
T,en,Sosensky,ru,Сосенский
T,en,Sosnogorsk,ru,Сосногорск
T,en,Sosnovka,ru,Сосновка
T,en,Sosnovoborsk,ru,Сосновоборск
T,en,Sosnovy Bor,ru,Сосновый Бор
T,en,Sovetsk,ru,Советск
T,en,Sovetsk,ru,Советск
T,en,Sovetsk,ru,Советск
T,en,Sovetskaya Gavan,ru,Советская Гавань
T,en,Sovetsky,ru,Советский
T,en,Spas-Demensk,ru,Спас-Деменск
T,en,Spas-Klepiki,ru,Спас-Клепики
T,en,Spassk,ru,Спасск
T,en,Spassk-Dalny,ru,Спасск-Дальний
T,en,Spassk-Ryazansky,ru,Спасск-Рязанский
T,en,Srednekolymsk,ru,Среднеколымск
T,en,Sredneuralsk,ru,Среднеуральск
T,en,Sretensk,ru,Сретенск
T,en,Staraya Kupavna,ru,Старая Купавна
T,en,Staraya Russa,ru,Старая Русса
T,en,Staritsa,ru,Старица
T,en,Starodub,ru,Стародуб
T,en,Stary Oskol,ru,Старый Оскол
T,en,Stavropol,ru,Ставрополь
T,en,Sterlitamak,ru,Стерлитамак
T,en,Strezhevoy,ru,Стрежевой
T,en,Stroitel,ru,Строитель
T,en,Strunino,ru,Струнино
T,en,Stupino,ru,Ступино
T,en,Sudogda,ru,Судогда
T,en,Sudzha,ru,Суджа
T,en,Sukhinichi,ru,Сухиничи
T,en,Sukhoy Log,ru,Сухой Лог
T,en,Suoyarvi,ru,Суоярви
T,en,Surazh,ru,Сураж
T,en,Surgut,ru,Сургут
T,en,Surovikino,ru,Суровикино
T,en,Sursk,ru,Сурск
T,en,Susuman,ru,Сусуман
T,en,Suvorov,ru,Суворов
T,en,Suzdal,ru,Суздаль
T,en,Svetlogorsk,ru,Светлогорск
T,en,Svetlograd,ru,Светлоград
T,en,Svetly,ru,Светлый
T,en,Svetogorsk,ru,Светогорск
T,en,Svirsk,ru,Свирск
T,en,Svobodny,ru,Свободный
T,en,Syasstroy,ru,Сясьстрой
T,en,Sychyovka,ru,Сычёвка
T,en,Syktyvkar,ru,Сыктывкар
T,en,Sysert,ru,Сысерть
T,en,Syzran,ru,Сызрань
T,en,Taganrog,ru,Таганрог
T,en,Taldom,ru,Талдом
T,en,Talitsa,ru,Талица
T,en,Tambov,ru,Тамбов
T,en,Tara,ru,Тара
T,en,Tarko-Sale,ru,Тарко-Сале
T,en,Tarusa,ru,Таруса
T,en,Tashtagol,ru,Таштагол
T,en,Tatarsk,ru,Татарск
T,en,Tavda,ru,Тавда
T,en,Tayga,ru,Тайга
T,en,Tayshet,ru,Тайшет
T,en,Teberda,ru,Теберда
T,en,Temnikov,ru,Темников
T,en,Temryuk,ru,Темрюк
T,en,Terek,ru,Терек
T,en,Tetyushi,ru,Тетюши
T,en,Teykovo,ru,Тейково
T,en,Tikhoretsk,ru,Тихорецк
T,en,Tikhvin,ru,Тихвин
T,en,Timashyovsk,ru,Тимашёвск
T,en,Tobolsk,ru,Тобольск
T,en,Toguchin,ru,Тогучин
T,en,Tolyatti,ru,Тольятти
T,en,Tomari,ru,Томари
T,en,Tommot,ru,Томмот
T,en,Tomsk,ru,Томск
T,en,Topki,ru,Топки
T,en,Toropets,ru,Торопец
T,en,Torzhok,ru,Торжок
T,en,Tosno,ru,Тосно
T,en,Totma,ru,Тотьма
T,en,Troitsk,ru,Троицк
T,en,Troitsk,ru,Троицк
T,en,Trubchevsk,ru,Трубчевск
T,en,Tryokhgorny,ru,Трёхгорный
T,en,Tsimlyansk,ru,Цимлянск
T,en,Tsivilsk,ru,Цивильск
T,en,Tuapse,ru,Туапсе
T,en,Tula,ru,Тула
T,en,Tulun,ru,Тулун
T,en,Turan,ru,Туран
T,en,Turinsk,ru,Туринск
T,en,Tutayev,ru,Тутаев
T,en,Tuymazy,ru,Туймазы
T,en,Tver,ru,Тверь
T,en,Tynda,ru,Тында
T,en,Tyrnyauz,ru,Тырныауз
T,en,Tyukalinsk,ru,Тюкалинск
T,en,Tyumen,ru,Тюмень
T,en,Uchaly,ru,Учалы
T,en,Udachny,ru,Удачный
T,en,Udomlya,ru,Удомля
T,en,Ufa,ru,Уфа
T,en,Uglegorsk,ru,Углегорск
T,en,Uglich,ru,Углич
T,en,Ukhta,ru,Ухта
T,en,Ulan-Ude,ru,Улан-Удэ
T,en,Ulyanovsk,ru,Ульяновск
T,en,Unecha,ru,Унеча
T,en,Uray,ru,Урай
T,en,Uren,ru,Урень
T,en,Urus-Martan,ru,Урус-Мартан
T,en,Uryupinsk,ru,Урюпинск
T,en,Urzhum,ru,Уржум
T,en,Usinsk,ru,Усинск
T,en,Usman,ru,Усмань
T,en,Usolye,ru,Усолье
T,en,Usolye-Sibirskoye,ru,Усолье-Сибирское
T,en,Ussuriysk,ru,Уссурийск
T,en,Ust-Dzheguta,ru,Усть-Джегута
T,en,Ust-Ilimsk,ru,Усть-Илимск
T,en,Ust-Katav,ru,Усть-Катав
T,en,Ust-Kut,ru,Усть-Кут
T,en,Ust-Labinsk,ru,Усть-Лабинск
T,en,Ustyuzhna,ru,Устюжна
T,en,Uvarovo,ru,Уварово
T,en,Uyar,ru,Уяр
T,en,Uzhur,ru,Ужур
T,en,Uzlovaya,ru,Узловая
T,en,Valday,ru,Валдай
T,en,Valuyki,ru,Валуйки
T,en,Velikiye Luki,ru,Великие Луки
T,en,Veliky Novgorod,ru,Великий Новгород
T,en,Veliky Ustyug,ru,Великий Устюг
T,en,Velizh,ru,Велиж
T,en,Velsk,ru,Вельск
T,en,Venyov,ru,Венёв
T,en,Vereshchagino,ru,Верещагино
T,en,Vereya,ru,Верея
T,en,Verkhneuralsk,ru,Верхнеуральск
T,en,Verkhny Tagil,ru,Верхний Тагил
T,en,Verkhny Ufaley,ru,Верхний Уфалей
T,en,Verkhnyaya Pyshma,ru,Верхняя Пышма
T,en,Verkhnyaya Salda,ru,Верхняя Салда
T,en,Verkhnyaya Tura,ru,Верхняя Тура
T,en,Verkhoturye,ru,Верхотурье
T,en,Verkhoyansk,ru,Верхоянск
T,en,Vesyegonsk,ru,Весьегонск
T,en,Vetluga,ru,Ветлуга
T,en,Vichuga,ru,Вичуга
T,en,Vidnoye,ru,Видное
T,en,Vikhorevka,ru,Вихоревка
T,en,Vilyuchinsk,ru,Вилючинск
T,en,Vilyuysk,ru,Вилюйск
T,en,Vladikavkaz,ru,Владикавказ
T,en,Vladimir,ru,Владимир
T,en,Vladivostok,ru,Владивосток
T,en,Volchansk,ru,Волчанск
T,en,Volgodonsk,ru,Волгодонск
T,en,Volgograd,ru,Волгоград
T,en,Volgorechensk,ru,Волгореченск
T,en,Volkhov,ru,Волхов
T,en,Volodarsk,ru,Володарск
T,en,Vologda,ru,Вологда
T,en,Volokolamsk,ru,Волоколамск
T,en,Volosovo,ru,Волосово
T,en,Volsk,ru,Вольск
T,en,Volzhsk,ru,Волжск
T,en,Volzhsky,ru,Волжский
T,en,Vorkuta,ru,Воркута
T,en,Voronezh,ru,Воронеж
T,en,Vorsma,ru,Ворсма
T,en,Voskresensk,ru,Воскресенск
T,en,Votkinsk,ru,Воткинск
T,en,Vsevolozhsk,ru,Всеволожск
T,en,Vuktyl,ru,Вуктыл
T,en,Vyatskiye Polyany,ru,Вятские Поляны
T,en,Vyazemsky,ru,Вяземский
T,en,Vyazma,ru,Вязьма
T,en,Vyazniki,ru,Вязники
T,en,Vyborg,ru,Выборг
T,en,Vyksa,ru,Выкса
T,en,Vyshny Volochyok,ru,Вышний Волочёк
T,en,Vysokovsk,ru,Высоковск
T,en,Vysotsk,ru,Высоцк
T,en,Vytegra,ru,Вытегра
T,en,Yadrin,ru,Ядрин
T,en,Yakhroma,ru,Яхрома
T,en,Yakutsk,ru,Якутск
T,en,Yalutorovsk,ru,Ялуторовск
T,en,Yanaul,ru,Янаул
T,en,Yaransk,ru,Яранск
T,en,Yaroslavl,ru,Ярославль
T,en,Yarovoye,ru,Яровое
T,en,Yartsevo,ru,Ярцево
T,en,Yasnogorsk,ru,Ясногорск
T,en,Yasny,ru,Ясный
T,en,Yefremov,ru,Ефремов
T,en,Yegoryevsk,ru,Егорьевск
T,en,Yekaterinburg,ru,Екатеринбург
T,en,Yelabuga,ru,Елабуга
T,en,Yelets,ru,Елец
T,en,Yelizovo,ru,Елизово
T,en,Yelnya,ru,Ельня
T,en,Yemanzhelinsk,ru,Еманжелинск
T,en,Yemva,ru,Емва
T,en,Yeniseysk,ru,Енисейск
T,en,Yershov,ru,Ершов
T,en,Yessentuki,ru,Ессентуки
T,en,Yeysk,ru,Ейск
T,en,Yoshkar-Ola,ru,Йошкар-Ола
T,en,Yubileyny,ru,Юбилейный
T,en,Yugorsk,ru,Югорск
T,en,Yukhnov,ru,Юхнов
T,en,Yurga,ru,Юрга
T,en,Yuryevets,ru,Юрьевец
T,en,Yuryev-Polsky,ru,Юрьев-Польский
T,en,Yuryuzan,ru,Юрюзань
T,en,Yuzha,ru,Южа
T,en,Yuzhno-Sakhalinsk,ru,Южно-Сахалинск
T,en,Yuzhno-Sukhokumsk,ru,Южно-Сухокумск
T,en,Yuzhnouralsk,ru,Южноуральск
T,en,Zadonsk,ru,Задонск
T,en,Zainsk,ru,Заинск
T,en,Zakamensk,ru,Закаменск
T,en,Zaozyorny,ru,Заозёрный
T,en,Zaozyorsk,ru,Заозёрск
T,en,Zapadnaya Dvina,ru,Западная Двина
T,en,Zapolyarny,ru,Заполярный
T,en,Zaraysk,ru,Зарайск
T,en,Zarechny,ru,Заречный
T,en,Zarechny,ru,Заречный
T,en,Zarinsk,ru,Заринск
T,en,Zavitinsk,ru,Завитинск
T,en,Zavodoukovsk,ru,Заводоуковск
T,en,Zavolzhsk,ru,Заволжск
T,en,Zavolzhye,ru,Заволжье
T,en,Zelenodolsk,ru,Зеленодольск
T,en,Zelenogorsk,ru,Зеленогорск
T,en,Zelenogorsk,ru,Зеленогорск
T,en,Zelenograd,ru,Зеленоград
T,en,Zelenogradsk,ru,Зеленоградск
T,en,Zelenokumsk,ru,Зеленокумск
T,en,Zernograd,ru,Зерноград
T,en,Zeya,ru,Зея
T,en,Zheleznodorozhny,ru,Железнодорожный
T,en,Zheleznogorsk,ru,Железногорск
T,en,Zheleznogorsk,ru,Железногорск
T,en,Zheleznogorsk-Ilimsky,ru,Железногорск-Илимский
T,en,Zheleznovodsk,ru,Железноводск
T,en,Zherdevka,ru,Жердевка
T,en,Zhigulyovsk,ru,Жигулёвск
T,en,Zhirnovsk,ru,Жирновск
T,en,Zhizdra,ru,Жиздра
T,en,Zhukov,ru,Жуков
T,en,Zhukovka,ru,Жуковка
T,en,Zhukovsky,ru,Жуковский
T,en,Zima,ru,Зима
T,en,Zlatoust,ru,Златоуст
T,en,Zlynka,ru,Злынка
T,en,Zmeinogorsk,ru,Змеиногорск
T,en,Znamensk,ru,Знаменск
T,en,Zubtsov,ru,Зубцов
T,en,Zuyevka,ru,Зуевка
T,en,Zvenigorod,ru,Звенигород
T,en,Zvenigovo,ru,Звенигово
T,en,Zverevo,ru,Зверево
S,en,Georgia,ru,Грузия
T,en,Tbilisi,ru,Тбилиси
T,en,Batumi,ru,Батуми
T,en,Sukhumi,ru,Сухуми
S,en,Latvia,ru,Латвия
T,en,Daugavpils,ru,Даугавпилс
T,en,Jelgava,ru,Елгава
T,en,Jurmala,ru,Юрмала
T,en,Liepaja,ru,Лиепая
T,en,Riga,ru,Рига
T,en,Ventspils,ru,Вентспилс
S,en,Lithuania,ru,Литва
T,en,Vilnius,ru,Вильнюс
T,en,Kaunas,ru,Каунас
T,en,Klaipeda,ru,Клайпеда
S,en,Moldova,ru,Молдавия
T,en,Kishinev,ru,Кишинев
T,en,Tiraspol,ru,Тирасполь
S,en,Ukraine,ru,Украина
T,en,Kiev,ru,Киев
T,en,Kharkiv,ru,Харьков
T,en,Dnipropetrovsk,ru,Днепропетровск
T,en,Odessa,ru,Одесса
T,en,Donetsk,ru,Донецк
T,en,Zaporizhia,ru,Запорожье
T,en,Lviv,ru,Львов
T,en,Kryvyj Rih,ru,Кривой Рог
T,en,Mykolaiv,ru,Николаев
T,en,Mariupol,ru,Мариуполь
T,en,Luhansk,ru,Луганск
T,en,Vinnitsia,ru,Винница
T,en,Simferopol,ru,Симферополь
T,en,Sevastopol,ru,Севастополь
T,en,Kherson,ru,Херсон
T,en,Poltava,ru,Полтава
T,en,Chernihiv,ru,Чернигов
T,en,Cherkasy,ru,Черкасы
T,en,Sumy,ru,Сумы
T,en,Zhytomir,ru,Житомир
T,en,Dniprodzerzhynsk,ru,Днепродзержинск
T,en,Kirovohrad,ru,Кировоград
T,en,Khmelnytskyi,ru,Хмельницкий
S,en,Kazakhstan,ru,Казахстан
T,en,Astana,ru,Астана
T,en,Aqtobe,ru,Актобе
T,en,Almaty,ru,Алматы
T,en,Zharkent,ru,Жаркент
T,en,Taldykoragn,ru,Талдыкорган
T,en,Atyrau,ru,Атырау
T,en,Ust-Kamenogorsk,ru,Усть-Каменогорск
T,en,Zyrayanovsk,ru,Зыряновск
T,en,Kurchatov,ru,Курчатов
T,en,Leninogorsk,ru,Лениногорск
T,en,Semipalatinsk,ru,Семипалатинск
T,en,Serebryansk,ru,Серебрянск
T,en,Shulbinsk,ru,Шульбинск
T,en,Taraz,ru,Тараз
T,en,Chu,ru,Шу
T,en,Uralsk,ru,Уральск
T,en,Chapaev,ru,Чапаев
T,en,Karaganda,ru,Караганда
T,en,Balkash,ru,Балхаш
T,en,Dzhezkazgan,ru,Жезказган
T,en,Temirtau,ru,Темиртау
T,en,Shakhtinsk,ru,Шахтинск
T,en,Kostanai,ru,Костанай
T,en,Lisakovsk,ru,Лисаковск
T,en,Baikonur,ru,Байконур
T,en,Aralsk,ru,Аральск
T,en,Aqtau,ru,Актау
T,en,Pavlodar,ru,Павлодар
T,en,Irtyshsk,ru,Иртышск
T,en,Ekibastuz,ru,Экибастуз
T,en,Shymkent,ru,Шымкент
S,en,Туркменистан,ru,Туркменистан
S,en,Армения,ru,Армения
T,en,Yerevan,ru,Ереван
S,en,Таджикистан,ru,Таджикистан
S,en,Узбекистан,ru,Узбекистан
S,en,Кыргызстан,ru,Кыргызстан
