en
S,en,Azerbaijan,ru,Азербайджан
T,en,Baku,ru,Баку
T,en,Ganca,ru,Гянджа
T,en,Sumqayit,ru,Сумгаит
T,en,Mingacevir,ru,Мингечаур
T,en,Nakhichevan,ru,Нахичевань
T,en,Shaki,ru,Шеки
S,en,Belarus,ru,Беларусь
T,en,Minsk,ru,Минск
T,en,Brest,ru,Брест
T,en,Gomel,ru,Гомель
T,en,Grodno,ru,Гродно
T,en,Mogilev,ru,Могилев
T,en,Vitebsk,ru,Витебск
T,en,Bobruysk,ru,Бобруйск
S,en,Estonia,ru,Эстония
T,en,Tallinn,ru,Таллинн
T,en,Narva,ru,Нарва
S,en,Russia,ru,Россия
R,en,Adygeya Resp,ru,Адыгея Респ
T,en,Maykop,ru,Майкоп
T,en,Adygeysk,ru,Адыгейск
R,en,Bashkortostan Resp,ru,Башкортостан Респ
T,en,Ufa,ru,Уфа
T,en,Agidel,ru,Агидель
T,en,Neftekamsk,ru,Нефтекамск
T,en,Oktyabrskiy,ru,Октябрьский
T,en,Salavat,ru,Салават
T,en,Sibay,ru,Сибай
T,en,Kumertau,ru,Кумертау
T,en,Mezhgore,ru,Межгорье
T,en,Sterlitamak,ru,Стерлитамак
T,en,Baymak,ru,Баймак
T,en,Belebey,ru,Белебей
T,en,Beloretsk,ru,Белорецк
T,en,Birsk,ru,Бирск
T,en,Blagoveshchensk,ru,Благовещенск
T,en,Ishimbay,ru,Ишимбай
T,en,Meleuz,ru,Мелеуз
T,en,Tuymazy,ru,Туймазы
T,en,Uchaly,ru,Учалы
T,en,YAnaul,ru,Янаул
T,en,Davlekanovo,ru,Давлеканово
T,en,Dyurtyuli,ru,Дюртюли
R,en,Buryatiya Resp,ru,Бурятия Респ
T,en,UlanUde,ru,Улан-Удэ
T,en,Severobaykalsk,ru,Северобайкальск
T,en,Zakamensk,ru,Закаменск
T,en,Babushkin,ru,Бабушкин
T,en,Kyakhta,ru,Кяхта
T,en,Gusinoozersk,ru,Гусиноозерск
R,en,Altay Resp,ru,Алтай Респ
T,en,GornoAltaysk,ru,Горно-Алтайск
R,en,Dagestan Resp,ru,Дагестан Респ
T,en,Makhachkala,ru,Махачкала
T,en,Dagestanskie Ogni,ru,Дагестанские Огни
T,en,Izberbash,ru,Избербаш
T,en,Kaspiysk,ru,Каспийск
T,en,YUzhnoSukhokumsk,ru,Южно-Сухокумск
T,en,Derbent,ru,Дербент
T,en,Kizilyurt,ru,Кизилюрт
T,en,Kizlyar,ru,Кизляр
T,en,KHasavyurt,ru,Хасавюрт
T,en,Buynaksk,ru,Буйнакск
R,en,Ingushetiya Resp,ru,Ингушетия Респ
T,en,Magas,ru,Магас
T,en,Karabulak,ru,Карабулак
T,en,Nazran,ru,Назрань
T,en,Malgobek,ru,Малгобек
R,en,KabardinoBalkarskaya Resp,ru,Кабардино-Балкарская Респ
T,en,Nalchik,ru,Нальчик
T,en,Baksan,ru,Баксан
T,en,Mayskiy,ru,Майский
T,en,Prokhladnyy,ru,Прохладный
T,en,Terek,ru,Терек
T,en,Nartkala,ru,Нарткала
T,en,CHegem,ru,Чегем
T,en,Tyrnyauz,ru,Тырныауз
R,en,Kalmykiya Resp,ru,Калмыкия Респ
T,en,Elista,ru,Элиста
T,en,Gorodovikovsk,ru,Городовиковск
T,en,Lagan,ru,Лагань
R,en,KarachaevoCHerkesskaya Resp,ru,Карачаево-Черкесская Респ
T,en,CHerkessk,ru,Черкесск
T,en,Karachaevsk,ru,Карачаевск
T,en,Teberda,ru,Теберда
T,en,UstDzheguta,ru,Усть-Джегута
R,en,Kareliya Resp,ru,Карелия Респ
T,en,Petrozavodsk,ru,Петрозаводск
T,en,Kostomuksha,ru,Костомукша
T,en,Sortavala,ru,Сортавала
T,en,Belomorsk,ru,Беломорск
T,en,Kem,ru,Кемь
T,en,Kondopoga,ru,Кондопога
T,en,Lakhdenpokhya,ru,Лахденпохья
T,en,Medvezhegorsk,ru,Медвежьегорск
T,en,Olonets,ru,Олонец
T,en,Pitkyaranta,ru,Питкяранта
T,en,Pudozh,ru,Пудож
T,en,Segezha,ru,Сегежа
T,en,Suoyarvi,ru,Суоярви
R,en,Komi Resp,ru,Коми Респ
T,en,Syktyvkar,ru,Сыктывкар
T,en,Vorkuta,ru,Воркута
T,en,Vuktyl,ru,Вуктыл
T,en,Inta,ru,Инта
T,en,Pechora,ru,Печора
T,en,Sosnogorsk,ru,Сосногорск
T,en,Usinsk,ru,Усинск
T,en,Ukhta,ru,Ухта
T,en,Emva,ru,Емва
T,en,Mikun,ru,Микунь
R,en,Mariy El Resp,ru,Марий Эл Респ
T,en,YoshkarOla,ru,Йошкар-Ола
T,en,Volzhsk,ru,Волжск
T,en,Kozmodemyansk,ru,Козьмодемьянск
T,en,Zvenigovo,ru,Звенигово
R,en,Mordoviya Resp,ru,Мордовия Респ
T,en,Saransk,ru,Саранск
T,en,Ardatov,ru,Ардатов
T,en,Insar,ru,Инсар
T,en,Kovylkino,ru,Ковылкино
T,en,Krasnoslobodsk,ru,Краснослободск
T,en,Ruzaevka,ru,Рузаевка
T,en,Temnikov,ru,Темников
R,en,Sakha YAkutiya Resp,ru,Саха /Якутия/ Респ
T,en,Olekminsk,ru,Олекминск
T,en,YAkutsk,ru,Якутск
T,en,Neryungri,ru,Нерюнгри
T,en,Aldan,ru,Алдан
T,en,Tommot,ru,Томмот
T,en,Verkhoyansk,ru,Верхоянск
T,en,Vilyuysk,ru,Вилюйск
T,en,Lensk,ru,Ленск
T,en,Mirnyy,ru,Мирный
T,en,Udachnyy,ru,Удачный
T,en,Nyurba,ru,Нюрба
T,en,Srednekolymsk,ru,Среднеколымск
T,en,Pokrovsk,ru,Покровск
R,en,Severnaya Osetiya  Alaniya Resp,ru,Северная Осетия - Алания Респ
T,en,Vladikavkaz,ru,Владикавказ
T,en,Alagir,ru,Алагир
T,en,Ardon,ru,Ардон
T,en,Digora,ru,Дигора
T,en,Mozdok,ru,Моздок
T,en,Beslan,ru,Беслан
R,en,Tatarstan Resp,ru,Татарстан Респ
T,en,Kazan,ru,Казань
T,en,Naberezhnye CHelny,ru,Набережные Челны
T,en,Agryz,ru,Агрыз
T,en,Aznakaevo,ru,Азнакаево
T,en,Almetevsk,ru,Альметьевск
T,en,Arsk,ru,Арск
T,en,Bavly,ru,Бавлы
T,en,Bugulma,ru,Бугульма
T,en,Buinsk,ru,Буинск
T,en,Elabuga,ru,Елабуга
T,en,Zainsk,ru,Заинск
T,en,Zelenodolsk,ru,Зеленодольск
T,en,Laishevo,ru,Лаишево
T,en,Leninogorsk,ru,Лениногорск
T,en,Mamadysh,ru,Мамадыш
T,en,Mendeleevsk,ru,Менделеевск
T,en,Menzelinsk,ru,Мензелинск
T,en,Nizhnekamsk,ru,Нижнекамск
T,en,Nurlat,ru,Нурлат
T,en,Bolgar,ru,Болгар
T,en,Tetyushi,ru,Тетюши
T,en,CHistopol,ru,Чистополь
R,en,Tyva Resp,ru,Тыва Респ
T,en,Kyzyl,ru,Кызыл
T,en,AkDovurak,ru,Ак-Довурак
T,en,CHadan,ru,Чадан
T,en,Turan,ru,Туран
T,en,SHagonar,ru,Шагонар
R,en,Udmurtskaya Resp,ru,Удмуртская Респ
T,en,Izhevsk,ru,Ижевск
T,en,Sarapul,ru,Сарапул
T,en,Votkinsk,ru,Воткинск
T,en,Glazov,ru,Глазов
T,en,Mozhga,ru,Можга
T,en,Kambarka,ru,Камбарка
R,en,KHakasiya Resp,ru,Хакасия Респ
T,en,Abakan,ru,Абакан
T,en,Sayanogorsk,ru,Саяногорск
T,en,CHernogorsk,ru,Черногорск
T,en,Abaza,ru,Абаза
T,en,Sorsk,ru,Сорск
R,en,CHechenskaya Resp,ru,Чеченская Респ
T,en,Groznyy,ru,Грозный
T,en,Argun,ru,Аргун
T,en,Gudermes,ru,Гудермес
T,en,UrusMartan,ru,Урус-Мартан
T,en,SHali,ru,Шали
R,en,Chuvash Resp,ru,Чувашская Респ
T,en,Mariinskiy Posad,ru,Мариинский Посад
T,en,TSivilsk,ru,Цивильск
T,en,CHeboksary,ru,Чебоксары
T,en,Alatyr,ru,Алатырь
T,en,Kanash,ru,Канаш
T,en,YAdrin,ru,Ядрин
T,en,SHumerlya,ru,Шумерля
T,en,Novocheboksarsk,ru,Новочебоксарск
T,en,Kozlovka,ru,Козловка
R,en,Altayskiy kray,ru,Алтайский край
T,en,Barnaul,ru,Барнаул
T,en,Aleysk,ru,Алейск
T,en,Belokurikha,ru,Белокуриха
T,en,Biysk,ru,Бийск
T,en,KamennaObi,ru,Камень-на-Оби
T,en,Novoaltaysk,ru,Новоалтайск
T,en,Rubtsovsk,ru,Рубцовск
T,en,Slavgorod,ru,Славгород
T,en,Zarinsk,ru,Заринск
T,en,YArovoe,ru,Яровое
T,en,Zmeinogorsk,ru,Змеиногорск
T,en,Gornyak,ru,Горняк
R,en,Krasnodarskiy kray,ru,Краснодарский край
T,en,Krasnodar,ru,Краснодар
T,en,Armavir,ru,Армавир
T,en,Gelendzhik,ru,Геленджик
T,en,Goryachiy Klyuch,ru,Горячий Ключ
T,en,Novorossiysk,ru,Новороссийск
T,en,Sochi,ru,Сочи
T,en,Abinsk,ru,Абинск
T,en,Anapa,ru,Анапа
T,en,Apsheronsk,ru,Апшеронск
T,en,KHadyzhensk,ru,Хадыженск
T,en,Belorechensk,ru,Белореченск
T,en,Gulkevichi,ru,Гулькевичи
T,en,Eysk,ru,Ейск
T,en,Kropotkin,ru,Кропоткин
T,en,Korenovsk,ru,Кореновск
T,en,Krymsk,ru,Крымск
T,en,Kurganinsk,ru,Курганинск
T,en,Labinsk,ru,Лабинск
T,en,Novokubansk,ru,Новокубанск
T,en,PrimorskoAkhtarsk,ru,Приморско-Ахтарск
T,en,SlavyansknaKubani,ru,Славянск-на-Кубани
T,en,Temryuk,ru,Темрюк
T,en,Timashevsk,ru,Тимашевск
T,en,Tikhoretsk,ru,Тихорецк
T,en,Tuapse,ru,Туапсе
T,en,UstLabinsk,ru,Усть-Лабинск
R,en,Krasnoyarskiy kray,ru,Красноярский край
T,en,Krasnoyarsk,ru,Красноярск
T,en,Borodino,ru,Бородино
T,en,Divnogorsk,ru,Дивногорск
T,en,ZHeleznogorsk,ru,Железногорск
T,en,Zelenogorsk,ru,Зеленогорск
T,en,Lesosibirsk,ru,Лесосибирск
T,en,Norilsk,ru,Норильск
T,en,Sosnovoborsk,ru,Сосновоборск
T,en,Achinsk,ru,Ачинск
T,en,Bogotol,ru,Боготол
T,en,Eniseysk,ru,Енисейск
T,en,Kansk,ru,Канск
T,en,Minusinsk,ru,Минусинск
T,en,Nazarovo,ru,Назарово
T,en,SHarypovo,ru,Шарыпово
T,en,Ilanskiy,ru,Иланский
T,en,Kodinsk,ru,Кодинск
T,en,Artemovsk,ru,Артемовск
T,en,Zaozernyy,ru,Заозерный
T,en,Igarka,ru,Игарка
T,en,Uzhur,ru,Ужур
T,en,Uyar,ru,Уяр
T,en,Dudinka,ru,Дудинка
R,en,Primorskiy kray,ru,Приморский край
T,en,Vladivostok,ru,Владивосток
T,en,Arsenev,ru,Арсеньев
T,en,Artem,ru,Артем
T,en,Nakhodka,ru,Находка
T,en,Partizansk,ru,Партизанск
T,en,Fokino,ru,Фокино
T,en,Bolshoy Kamen,ru,Большой Камень
T,en,Dalnegorsk,ru,Дальнегорск
T,en,Dalnerechensk,ru,Дальнереченск
T,en,SpasskDalniy,ru,Спасск-Дальний
T,en,Ussuriysk,ru,Уссурийск
T,en,Lesozavodsk,ru,Лесозаводск
R,en,Stavropolskiy kray,ru,Ставропольский край
T,en,Stavropol,ru,Ставрополь
T,en,Essentuki,ru,Ессентуки
T,en,ZHeleznovodsk,ru,Железноводск
T,en,Kislovodsk,ru,Кисловодск
T,en,Lermontov,ru,Лермонтов
T,en,Nevinnomyssk,ru,Невинномысск
T,en,Pyatigorsk,ru,Пятигорск
T,en,Georgievsk,ru,Георгиевск
T,en,Mineralnye Vody,ru,Минеральные Воды
T,en,Blagodarnyy,ru,Благодарный
T,en,Budennovsk,ru,Буденновск
T,en,Izobilnyy,ru,Изобильный
T,en,Ipatovo,ru,Ипатово
T,en,Novopavlovsk,ru,Новопавловск
T,en,Neftekumsk,ru,Нефтекумск
T,en,Novoaleksandrovsk,ru,Новоалександровск
T,en,Svetlograd,ru,Светлоград
T,en,Zelenokumsk,ru,Зеленокумск
T,en,Mikhaylovsk,ru,Михайловск
R,en,KHabarovskiy kray,ru,Хабаровский край
T,en,KHabarovsk,ru,Хабаровск
T,en,Amursk,ru,Амурск
T,en,Bikin,ru,Бикин
T,en,KomsomolsknaAmure,ru,Комсомольск-на-Амуре
T,en,NikolaevsknaAmure,ru,Николаевск-на-Амуре
T,en,Sovetskaya Gavan,ru,Советская Гавань
T,en,Vyazemskiy,ru,Вяземский
R,en,Amurskaya obl,ru,Амурская обл
T,en,Serishovo,ru,Серышово
T,en,Blagoveshchensk,ru,Благовещенск
T,en,Raychikhinsk,ru,Райчихинск
T,en,Belogorsk,ru,Белогорск
T,en,Zeya,ru,Зея
T,en,Svobodnyy,ru,Свободный
T,en,Tynda,ru,Тында
T,en,SHimanovsk,ru,Шимановск
T,en,Zavitinsk,ru,Завитинск
T,en,Skovorodino,ru,Сковородино
R,en,Arkhangelskaya obl,ru,Архангельская обл
T,en,Arkhangelsk,ru,Архангельск
T,en,Mirnyy,ru,Мирный
T,en,Novodvinsk,ru,Новодвинск
T,en,Severodvinsk,ru,Северодвинск
T,en,Koryazhma,ru,Коряжма
T,en,Velsk,ru,Вельск
T,en,Kargopol,ru,Каргополь
T,en,Kotlas,ru,Котлас
T,en,Solvychegodsk,ru,Сольвычегодск
T,en,Mezen,ru,Мезень
T,en,Nyandoma,ru,Няндома
T,en,Onega,ru,Онега
T,en,SHenkursk,ru,Шенкурск
R,en,Astrakhanskaya obl,ru,Астраханская обл
T,en,Astrakhan,ru,Астрахань
T,en,Znamensk,ru,Знаменск
T,en,Akhtubinsk,ru,Ахтубинск
T,en,Kamyzyak,ru,Камызяк
T,en,Narimanov,ru,Нариманов
T,en,KHarabali,ru,Харабали
R,en,Belgorodskaya obl,ru,Белгородская обл
T,en,Belgorod,ru,Белгород
T,en,Staryy Oskol,ru,Старый Оскол
T,en,SHebekino,ru,Шебекино
T,en,Gubkin,ru,Губкин
T,en,Alekseevka,ru,Алексеевка
T,en,Valuyki,ru,Валуйки
T,en,Grayvoron,ru,Грайворон
T,en,Korocha,ru,Короча
T,en,Biryuch,ru,Бирюч
T,en,Novyy Oskol,ru,Новый Оскол
T,en,Stroitel,ru,Строитель
R,en,Bryanskaya obl,ru,Брянская обл
T,en,Bryansk,ru,Брянск
T,en,Seltso,ru,Сельцо
T,en,Klintsy,ru,Клинцы
T,en,Novozybkov,ru,Новозыбков
T,en,Dyatkovo,ru,Дятьково
T,en,Fokino,ru,Фокино
T,en,ZHukovka,ru,Жуковка
T,en,Zlynka,ru,Злынка
T,en,Karachev,ru,Карачев
T,en,Mglin,ru,Мглин
T,en,Pochep,ru,Почеп
T,en,Sevsk,ru,Севск
T,en,Starodub,ru,Стародуб
T,en,Surazh,ru,Сураж
T,en,Trubchevsk,ru,Трубчевск
T,en,Unecha,ru,Унеча
R,en,Vladimirskaya obl,ru,Владимирская обл
T,en,Vladimir,ru,Владимир
T,en,Raduzhnyy,ru,Радужный
T,en,GusKHrustalnyy,ru,Гусь-Хрустальный
T,en,Kovrov,ru,Ковров
T,en,Murom,ru,Муром
T,en,Aleksandrov,ru,Александров
T,en,Karabanovo,ru,Карабаново
T,en,Strunino,ru,Струнино
T,en,Vyazniki,ru,Вязники
T,en,Gorokhovets,ru,Гороховец
T,en,Kurlovo,ru,Курлово
T,en,Kameshkovo,ru,Камешково
T,en,Kirzhach,ru,Киржач
T,en,Kolchugino,ru,Кольчугино
T,en,Melenki,ru,Меленки
T,en,Petushki,ru,Петушки
T,en,Kosterevo,ru,Костерево
T,en,Pokrov,ru,Покров
T,en,Sobinka,ru,Собинка
T,en,Lakinsk,ru,Лакинск
T,en,Sudogda,ru,Судогда
T,en,Suzdal,ru,Суздаль
T,en,YUrevPolskiy,ru,Юрьев-Польский
R,en,Volgogradskaya obl,ru,Волгоградская обл
T,en,Volgograd,ru,Волгоград
T,en,Volzhskiy,ru,Волжский
T,en,Kamyshin,ru,Камышин
T,en,Mikhaylovka,ru,Михайловка
T,en,Uryupinsk,ru,Урюпинск
T,en,Frolovo,ru,Фролово
T,en,Dubovka,ru,Дубовка
T,en,ZHirnovsk,ru,Жирновск
T,en,KalachnaDonu,ru,Калач-на-Дону
T,en,Petrov Val,ru,Петров Вал
T,en,Kotelnikovo,ru,Котельниково
T,en,Kotovo,ru,Котово
T,en,Leninsk,ru,Ленинск
T,en,Nikolaevsk,ru,Николаевск
T,en,Novoanninskiy,ru,Новоаннинский
T,en,Pallasovka,ru,Палласовка
T,en,Serafimovich,ru,Серафимович
T,en,Krasnoslobodsk,ru,Краснослободск
T,en,Surovikino,ru,Суровикино
R,en,Vologodskaya obl,ru,Вологодская обл
T,en,Vologda,ru,Вологда
T,en,CHerepovets,ru,Череповец
T,en,Babaevo,ru,Бабаево
T,en,Belozersk,ru,Белозерск
T,en,Velikiy Ustyug,ru,Великий Устюг
T,en,Krasavino,ru,Красавино
T,en,Vytegra,ru,Вытегра
T,en,Gryazovets,ru,Грязовец
T,en,Kirillov,ru,Кириллов
T,en,Nikolsk,ru,Никольск
T,en,Sokol,ru,Сокол
T,en,Kadnikov,ru,Кадников
T,en,Totma,ru,Тотьма
T,en,Ustyuzhna,ru,Устюжна
T,en,KHarovsk,ru,Харовск
R,en,Voronezhskaya obl,ru,Воронежская обл
T,en,Voronezh,ru,Воронеж
T,en,Novovoronezh,ru,Нововоронеж
T,en,Voronezh45,ru,Воронеж-45
T,en,Bobrov,ru,Бобров
T,en,Boguchar,ru,Богучар
T,en,Borisoglebsk,ru,Борисоглебск
T,en,Buturlinovka,ru,Бутурлиновка
T,en,Kalach,ru,Калач
T,en,Liski,ru,Лиски
T,en,Novokhopersk,ru,Новохоперск
T,en,Ostrogozhsk,ru,Острогожск
T,en,Pavlovsk,ru,Павловск
T,en,Povorino,ru,Поворино
T,en,Rossosh,ru,Россошь
T,en,Semiluki,ru,Семилуки
T,en,Ertil,ru,Эртиль
R,en,Ivanovskaya obl,ru,Ивановская обл
T,en,Ivanovo,ru,Иваново
T,en,Kokhma,ru,Кохма
T,en,Vichuga,ru,Вичуга
T,en,Gavrilov Posad,ru,Гаврилов Посад
T,en,Zavolzhsk,ru,Заволжск
T,en,Kineshma,ru,Кинешма
T,en,Navoloki,ru,Наволоки
T,en,Komsomolsk,ru,Комсомольск
T,en,Privolzhsk,ru,Приволжск
T,en,Ples,ru,Плес
T,en,Puchezh,ru,Пучеж
T,en,Rodniki,ru,Родники
T,en,Teykovo,ru,Тейково
T,en,Furmanov,ru,Фурманов
T,en,SHuya,ru,Шуя
T,en,YUzha,ru,Южа
T,en,YUrevets,ru,Юрьевец
R,en,Irkutskaya obl,ru,Иркутская обл
T,en,Irkutsk45,ru,Иркутск-45
T,en,Sayansk,ru,Саянск
T,en,Irkutsk,ru,Иркутск
T,en,Angarsk,ru,Ангарск
T,en,Bratsk,ru,Братск
T,en,Bodaybo,ru,Бодайбо
T,en,Zima,ru,Зима
T,en,Nizhneudinsk,ru,Нижнеудинск
T,en,Tayshet,ru,Тайшет
T,en,Tulun,ru,Тулун
T,en,UsoleSibirskoe,ru,Усолье-Сибирское
T,en,UstIlimsk,ru,Усть-Илимск
T,en,UstKut,ru,Усть-Кут
T,en,CHeremkhovo,ru,Черемхово
T,en,SHelekhov,ru,Шелехов
T,en,Svirsk,ru,Свирск
T,en,Vikhorevka,ru,Вихоревка
T,en,Kirensk,ru,Киренск
T,en,ZHeleznogorskIlimskiy,ru,Железногорск-Илимский
T,en,Alzamay,ru,Алзамай
T,en,Slyudyanka,ru,Слюдянка
T,en,Baykalsk,ru,Байкальск
T,en,Biryusinsk,ru,Бирюсинск
R,en,Kaliningradskaya obl,ru,Калининградская обл
T,en,Kaliningrad,ru,Калининград
T,en,Pionerskiy,ru,Пионерский
T,en,Svetlyy,ru,Светлый
T,en,Sovetsk,ru,Советск
T,en,Ladushkin,ru,Ладушкин
T,en,Mamonovo,ru,Мамоново
T,en,Bagrationovsk,ru,Багратионовск
T,en,Gvardeysk,ru,Гвардейск
T,en,Gurevsk,ru,Гурьевск
T,en,Gusev,ru,Гусев
T,en,Zelenogradsk,ru,Зеленоградск
T,en,Krasnoznamensk,ru,Краснознаменск
T,en,Neman,ru,Неман
T,en,Nesterov,ru,Нестеров
T,en,Ozersk,ru,Озерск
T,en,Polessk,ru,Полесск
T,en,Pravdinsk,ru,Правдинск
T,en,Slavsk,ru,Славск
T,en,CHernyakhovsk,ru,Черняховск
T,en,Baltiysk,ru,Балтийск
T,en,Primorsk,ru,Приморск
T,en,Svetlogorsk,ru,Светлогорск
R,en,Kaluzhskaya obl,ru,Калужская обл
T,en,Kaluga,ru,Калуга
T,en,Obninsk,ru,Обнинск
T,en,Borovsk,ru,Боровск
T,en,Balabanovo,ru,Балабаново
T,en,Ermolino,ru,Ермолино
T,en,SpasDemensk,ru,Спас-Деменск
T,en,Kondrovo,ru,Кондрово
T,en,ZHizdra,ru,Жиздра
T,en,ZHukov,ru,Жуков
T,en,Belousovo,ru,Белоусово
T,en,Kremenki,ru,Кременки
T,en,Kirov,ru,Киров
T,en,Kozelsk,ru,Козельск
T,en,Sosenskiy,ru,Сосенский
T,en,Lyudinovo,ru,Людиново
T,en,Maloyaroslavets,ru,Малоярославец
T,en,Medyn,ru,Медынь
T,en,Meshchovsk,ru,Мещовск
T,en,Mosalsk,ru,Мосальск
T,en,Sukhinichi,ru,Сухиничи
T,en,Tarusa,ru,Таруса
T,en,YUkhnov,ru,Юхнов
T,en,YUkhnov1,ru,Юхнов-1
T,en,YUkhnov2,ru,Юхнов-2
R,en,Kamchatskiy kray,ru,Камчатский край
T,en,PetropavlovskKamchatskiy,ru,Петропавловск-Камчатский
T,en,Vilyuchinsk,ru,Вилючинск
T,en,Elizovo,ru,Елизово
R,en,Kemerovskaya obl,ru,Кемеровская обл
T,en,AnzheroSudzhensk,ru,Анжеро-Судженск
T,en,Berezovskiy,ru,Березовский
T,en,Kaltan,ru,Калтан
T,en,Kiselevsk,ru,Киселевск
T,en,Myski,ru,Мыски
T,en,Osinniki,ru,Осинники
T,en,Tayga,ru,Тайга
T,en,Kemerovo,ru,Кемерово
T,en,LeninskKuznetskiy,ru,Ленинск-Кузнецкий
T,en,Polysaevo,ru,Полысаево
T,en,Novokuznetsk,ru,Новокузнецк
T,en,Prokopevsk,ru,Прокопьевск
T,en,YUrga,ru,Юрга
T,en,Belovo,ru,Белово
T,en,Mezhdurechensk,ru,Междуреченск
T,en,Gurevsk,ru,Гурьевск
T,en,Salair,ru,Салаир
T,en,Mariinsk,ru,Мариинск
T,en,Tashtagol,ru,Таштагол
T,en,Topki,ru,Топки
R,en,Kirovskaya obl,ru,Кировская обл
T,en,Kirov,ru,Киров
T,en,Belaya KHolunitsa,ru,Белая Холуница
T,en,Kirs,ru,Кирс
T,en,Vyatskie Polyany,ru,Вятские Поляны
T,en,Sosnovka,ru,Сосновка
T,en,Zuevka,ru,Зуевка
T,en,KirovoCHepetsk,ru,Кирово-Чепецк
T,en,Kotelnich,ru,Котельнич
T,en,Luza,ru,Луза
T,en,Malmyzh,ru,Малмыж
T,en,Murashi,ru,Мураши
T,en,Nolinsk,ru,Нолинск
T,en,Omutninsk,ru,Омутнинск
T,en,Orlov,ru,Орлов
T,en,Slobodskoy,ru,Слободской
T,en,Sovetsk,ru,Советск
T,en,Urzhum,ru,Уржум
T,en,YAransk,ru,Яранск
R,en,Kostromskaya obl,ru,Костромская обл
T,en,Volgorechensk,ru,Волгореченск
T,en,Kostroma,ru,Кострома
T,en,Buy,ru,Буй
T,en,Galich,ru,Галич
T,en,Kologriv,ru,Кологрив
T,en,Makarev,ru,Макарьев
T,en,Manturovo,ru,Мантурово
T,en,Neya,ru,Нея
T,en,Nerekhta,ru,Нерехта
T,en,Soligalich,ru,Солигалич
T,en,CHukhloma,ru,Чухлома
T,en,SHarya,ru,Шарья
R,en,Kurganskaya obl,ru,Курганская обл
T,en,Kurgan,ru,Курган
T,en,SHadrinsk,ru,Шадринск
T,en,Dalmatovo,ru,Далматово
T,en,Kataysk,ru,Катайск
T,en,Kurtamysh,ru,Куртамыш
T,en,Makushino,ru,Макушино
T,en,Petukhovo,ru,Петухово
T,en,SHumikha,ru,Шумиха
T,en,SHCHuche,ru,Щучье
R,en,Kurskaya obl,ru,Курская обл
T,en,Kursk,ru,Курск
T,en,Dmitriev,ru,Дмитриев
T,en,ZHeleznogorsk,ru,Железногорск
T,en,Kurchatov,ru,Курчатов
T,en,Lgov,ru,Льгов
T,en,Oboyan,ru,Обоянь
T,en,Rylsk,ru,Рыльск
T,en,Sudzha,ru,Суджа
T,en,Fatezh,ru,Фатеж
T,en,SHCHigry,ru,Щигры
R,en,Leningradskaya obl,ru,Ленинградская обл
T,en,SanktPeterburg,ru,Санкт-Петербург
T,en,Krasnoe Selo,ru,Красное Село
T,en,Zelenogorsk,ru,Зеленогорск
T,en,Lomonosov,ru,Ломоносов
T,en,Kronshtadt,ru,Кронштадт
T,en,Pavlovsk,ru,Павловск
T,en,Petergof,ru,Петергоф
T,en,Sestroretsk,ru,Сестрорецк
T,en,Pushkin,ru,Пушкин
T,en,Kolpino,ru,Колпино
T,en,Sosnovyy Bor,ru,Сосновый Бор
T,en,Boksitogorsk,ru,Бокситогорск
T,en,Pikalevo,ru,Пикалево
T,en,Volosovo,ru,Волосово
T,en,Volkhov,ru,Волхов
T,en,Novaya Ladoga,ru,Новая Ладога
T,en,Syasstroy,ru,Сясьстрой
T,en,Vsevolozhsk,ru,Всеволожск
T,en,Sertolovo,ru,Сертолово
T,en,Vyborg,ru,Выборг
T,en,Vysotsk,ru,Высоцк
T,en,Kamennogorsk,ru,Каменногорск
T,en,Primorsk,ru,Приморск
T,en,Svetogorsk,ru,Светогорск
T,en,Gatchina,ru,Гатчина
T,en,Kommunar,ru,Коммунар
T,en,Kingisepp,ru,Кингисепп
T,en,Ivangorod,ru,Ивангород
T,en,Kirishi,ru,Кириши
T,en,Kirovsk,ru,Кировск
T,en,Otradnoe,ru,Отрадное
T,en,SHlisselburg,ru,Шлиссельбург
T,en,Lodeynoe Pole,ru,Лодейное Поле
T,en,Luga,ru,Луга
T,en,Podporozhe,ru,Подпорожье
T,en,Priozersk,ru,Приозерск
T,en,Slantsy,ru,Сланцы
T,en,Tikhvin,ru,Тихвин
T,en,Tosno,ru,Тосно
T,en,Nikolskoe,ru,Никольское
T,en,Lyuban,ru,Любань
R,en,Lipetskaya obl,ru,Липецкая обл
T,en,Lipetsk,ru,Липецк
T,en,Elets,ru,Елец
T,en,Gryazi,ru,Грязи
T,en,Dankov,ru,Данков
T,en,Zadonsk,ru,Задонск
T,en,Lebedyan,ru,Лебедянь
T,en,Usman,ru,Усмань
T,en,CHaplygin,ru,Чаплыгин
R,en,Magadanskaya obl,ru,Магаданская обл
T,en,Magadan,ru,Магадан
T,en,Susuman,ru,Сусуман
R,en,Moskovskaya obl,ru,Московская обл
T,en,Moskva,ru,Москва
T,en,Zelenograd,ru,Зеленоград
T,en,Moskovskiy,ru,Московский
T,en,Domodedovo,ru,Домодедово
T,en,Bronnitsy,ru,Бронницы
T,en,SHCHerbinka,ru,Щербинка
T,en,Troitsk,ru,Троицк
T,en,Dubna,ru,Дубна
T,en,ZHeleznodorozhnyy,ru,Железнодорожный
T,en,ZHukovskiy,ru,Жуковский
T,en,Zvenigorod,ru,Звенигород
T,en,Ivanteevka,ru,Ивантеевка
T,en,Klimovsk,ru,Климовск
T,en,Korolev,ru,Королев
T,en,Krasnoarmeysk,ru,Красноармейск
T,en,Krasnoznamensk,ru,Краснознаменск
T,en,Lobnya,ru,Лобня
T,en,Lytkarino,ru,Лыткарино
T,en,Protvino,ru,Протвино
T,en,Pushchino,ru,Пущино
T,en,Reutov,ru,Реутов
T,en,Roshal,ru,Рошаль
T,en,Fryazino,ru,Фрязино
T,en,Elektrostal,ru,Электросталь
T,en,YUbileynyy,ru,Юбилейный
T,en,Dzerzhinskiy,ru,Дзержинский
T,en,Podolsk,ru,Подольск
T,en,OrekhovoZuevo,ru,Орехово-Зуево
T,en,Kolomna,ru,Коломна
T,en,Serpukhov,ru,Серпухов
T,en,Dolgoprudnyy,ru,Долгопрудный
T,en,KHimki,ru,Химки
T,en,LosinoPetrovskiy,ru,Лосино-Петровский
T,en,Kotelniki,ru,Котельники
T,en,Elektrogorsk,ru,Электрогорск
T,en,Balashikha,ru,Балашиха
T,en,Volokolamsk,ru,Волоколамск
T,en,Voskresensk,ru,Воскресенск
T,en,Dmitrov,ru,Дмитров
T,en,YAkhroma,ru,Яхрома
T,en,Egorevsk,ru,Егорьевск
T,en,Zaraysk,ru,Зарайск
T,en,Istra,ru,Истра
T,en,Dedovsk,ru,Дедовск
T,en,Kashira,ru,Кашира
T,en,Ozherele,ru,Ожерелье
T,en,Klin,ru,Клин
T,en,Vysokovsk,ru,Высоковск
T,en,Krasnogorsk,ru,Красногорск
T,en,Vidnoe,ru,Видное
T,en,Lukhovitsy,ru,Луховицы
T,en,Lyubertsy,ru,Люберцы
T,en,Mozhaysk,ru,Можайск
T,en,Mytishchi,ru,Мытищи
T,en,NaroFominsk,ru,Наро-Фоминск
T,en,Aprelevka,ru,Апрелевка
T,en,Vereya,ru,Верея
T,en,Noginsk,ru,Ногинск
T,en,Elektrougli,ru,Электроугли
T,en,CHernogolovka,ru,Черноголовка
T,en,Staraya Kupavna,ru,Старая Купавна
T,en,Odintsovo,ru,Одинцово
T,en,Golitsyno,ru,Голицыно
T,en,Kubinka,ru,Кубинка
T,en,Ozery,ru,Озеры
T,en,Drezna,ru,Дрезна
T,en,Kurovskoe,ru,Куровское
T,en,LikinoDulevo,ru,Ликино-Дулево
T,en,Pavlovskiy Posad,ru,Павловский Посад
T,en,Pushkino,ru,Пушкино
T,en,Ramenskoe,ru,Раменское
T,en,Ruza,ru,Руза
T,en,Krasnozavodsk,ru,Краснозаводск
T,en,KHotkovo,ru,Хотьково
T,en,Peresvet,ru,Пересвет
T,en,Sergiev Posad,ru,Сергиев Посад
T,en,Solnechnogorsk,ru,Солнечногорск
T,en,Solnechnogorsk2,ru,Солнечногорск-2
T,en,Solnechnogorsk7,ru,Солнечногорск-7
T,en,Solnechnogorsk25,ru,Солнечногорск-25
T,en,Solnechnogorsk30,ru,Солнечногорск-30
T,en,Stupino,ru,Ступино
T,en,Taldom,ru,Талдом
T,en,CHekhov,ru,Чехов
T,en,CHekhov2,ru,Чехов-2
T,en,CHekhov3,ru,Чехов-3
T,en,CHekhov8,ru,Чехов-8
T,en,SHatura,ru,Шатура
T,en,SHCHelkovo,ru,Щелково
R,en,Murmanskaya obl,ru,Мурманская обл
T,en,Murmansk,ru,Мурманск
T,en,Apatity,ru,Апатиты
T,en,Zaozersk,ru,Заозерск
T,en,Kandalaksha,ru,Кандалакша
T,en,Kirovsk,ru,Кировск
T,en,Monchegorsk,ru,Мончегорск
T,en,Olenegorsk,ru,Оленегорск
T,en,Ostrovnoy,ru,Островной
T,en,Polyarnye Zori,ru,Полярные Зори
T,en,Polyarnyy,ru,Полярный
T,en,Severomorsk,ru,Североморск
T,en,Gadzhievo,ru,Гаджиево
T,en,Snezhnogorsk,ru,Снежногорск
T,en,Olenegorsk1,ru,Оленегорск-1
T,en,Olenegorsk2,ru,Оленегорск-2
T,en,Olenegorsk4,ru,Оленегорск-4
T,en,Kovdor,ru,Ковдор
T,en,Kola,ru,Кола
T,en,Zapolyarnyy,ru,Заполярный
R,en,Nizhegorodskaya obl,ru,Нижегородская обл
T,en,Nizhniy Novgorod,ru,Нижний Новгород
T,en,Dzerzhinsk,ru,Дзержинск
T,en,Sarov,ru,Саров
T,en,Arzamas,ru,Арзамас
T,en,Bor,ru,Бор
T,en,Semenov,ru,Семенов
T,en,Vyksa,ru,Выкса
T,en,Balakhna,ru,Балахна
T,en,Bogorodsk,ru,Богородск
T,en,Vetluga,ru,Ветлуга
T,en,Volodarsk,ru,Володарск
T,en,Gorodets,ru,Городец
T,en,Zavolzhe,ru,Заволжье
T,en,Knyaginino,ru,Княгинино
T,en,Kstovo,ru,Кстово
T,en,Kulebaki,ru,Кулебаки
T,en,Lukoyanov,ru,Лукоянов
T,en,Lyskovo,ru,Лысково
T,en,Navashino,ru,Навашино
T,en,Pavlovo,ru,Павлово
T,en,Vorsma,ru,Ворсма
T,en,Gorbatov,ru,Горбатов
T,en,Pervomaysk,ru,Первомайск
T,en,Perevoz,ru,Перевоз
T,en,Sergach,ru,Сергач
T,en,Uren,ru,Урень
T,en,CHkalovsk,ru,Чкаловск
T,en,SHakhunya,ru,Шахунья
R,en,Novgorodskaya obl,ru,Новгородская обл
T,en,Velikiy Novgorod,ru,Великий Новгород
T,en,Borovichi,ru,Боровичи
T,en,Valday,ru,Валдай
T,en,Malaya Vishera,ru,Малая Вишера
T,en,Okulovka,ru,Окуловка
T,en,Pestovo,ru,Пестово
T,en,Soltsy,ru,Сольцы
T,en,Soltsy 2,ru,Сольцы 2
T,en,Staraya Russa,ru,Старая Русса
T,en,KHolm,ru,Холм
T,en,CHudovo,ru,Чудово
R,en,Novosibirskaya obl,ru,Новосибирская обл
T,en,Novosibirsk,ru,Новосибирск
T,en,Berdsk,ru,Бердск
T,en,Ob,ru,Обь
T,en,Barabinsk,ru,Барабинск
T,en,Iskitim,ru,Искитим
T,en,Kuybyshev,ru,Куйбышев
T,en,Tatarsk,ru,Татарск
T,en,Bolotnoe,ru,Болотное
T,en,Karasuk,ru,Карасук
T,en,Kargat,ru,Каргат
T,en,Kupino,ru,Купино
T,en,Toguchin,ru,Тогучин
T,en,CHerepanovo,ru,Черепаново
T,en,CHulym3,ru,Чулым-3
T,en,CHulym,ru,Чулым
R,en,Omskaya obl,ru,Омская обл
T,en,Omsk,ru,Омск
T,en,Isilkul,ru,Исилькуль
T,en,Kalachinsk,ru,Калачинск
T,en,Nazyvaevsk,ru,Называевск
T,en,Tara,ru,Тара
T,en,Tyukalinsk,ru,Тюкалинск
R,en,Orenburgskaya obl,ru,Оренбургская обл
T,en,Orenburg,ru,Оренбург
T,en,Mednogorsk,ru,Медногорск
T,en,Novotroitsk,ru,Новотроицк
T,en,Orsk,ru,Орск
T,en,Buguruslan,ru,Бугуруслан
T,en,Buzuluk,ru,Бузулук
T,en,Gay,ru,Гай
T,en,Kuvandyk,ru,Кувандык
T,en,Sorochinsk,ru,Сорочинск
T,en,YAsnyy,ru,Ясный
T,en,SolIletsk,ru,Соль-Илецк
T,en,Abdulino,ru,Абдулино
R,en,Orlovskaya obl,ru,Орловская обл
T,en,Orel,ru,Орел
T,en,Livny,ru,Ливны
T,en,Mtsensk,ru,Мценск
T,en,Bolkhov,ru,Болхов
T,en,Dmitrovsk,ru,Дмитровск
T,en,Maloarkhangelsk,ru,Малоархангельск
T,en,Novosil,ru,Новосиль
R,en,Penzenskaya obl,ru,Пензенская обл
T,en,Penza,ru,Пенза
T,en,Zarechnyy,ru,Заречный
T,en,Spassk,ru,Спасск
T,en,Belinskiy,ru,Белинский
T,en,Gorodishche,ru,Городище
T,en,Sursk,ru,Сурск
T,en,Kamenka,ru,Каменка
T,en,Kuznetsk,ru,Кузнецк
T,en,Kuznetsk12,ru,Кузнецк-12
T,en,Kuznetsk8,ru,Кузнецк-8
T,en,Nizhniy Lomov,ru,Нижний Ломов
T,en,Nikolsk,ru,Никольск
T,en,Serdobsk,ru,Сердобск
R,en,Permskiy kray,ru,Пермский край
T,en,Perm,ru,Пермь
T,en,Berezniki,ru,Березники
T,en,Aleksandrovsk,ru,Александровск
T,en,Gremyachinsk,ru,Гремячинск
T,en,Gubakha,ru,Губаха
T,en,Dobryanka,ru,Добрянка
T,en,Kizel,ru,Кизел
T,en,Kungur,ru,Кунгур
T,en,Lysva,ru,Лысьва
T,en,Solikamsk,ru,Соликамск
T,en,CHaykovskiy,ru,Чайковский
T,en,CHusovoy,ru,Чусовой
T,en,Kudymkar,ru,Кудымкар
T,en,Vereshchagino,ru,Верещагино
T,en,Gornozavodsk,ru,Горнозаводск
T,en,CHermoz,ru,Чермоз
T,en,Krasnovishersk,ru,Красновишерск
T,en,Nytva,ru,Нытва
T,en,Osa,ru,Оса
T,en,Okhansk,ru,Оханск
T,en,Ocher,ru,Очер
T,en,Usole,ru,Усолье
T,en,CHerdyn,ru,Чердынь
T,en,CHernushka,ru,Чернушка
T,en,Krasnokamsk,ru,Краснокамск
R,en,Pskovskaya obl,ru,Псковская обл
T,en,Pskov,ru,Псков
T,en,Velikie Luki,ru,Великие Луки
T,en,Velikie Luki1,ru,Великие Луки-1
T,en,Gdov,ru,Гдов
T,en,Dno,ru,Дно
T,en,Nevel,ru,Невель
T,en,Novorzhev,ru,Новоржев
T,en,Novosokolniki,ru,Новосокольники
T,en,Opochka,ru,Опочка
T,en,Ostrov,ru,Остров
T,en,Pechory,ru,Печоры
T,en,Porkhov,ru,Порхов
T,en,Pustoshka,ru,Пустошка
T,en,Pytalovo,ru,Пыталово
T,en,Sebezh,ru,Себеж
R,en,Rostovskaya obl,ru,Ростовская обл
T,en,RostovnaDonu,ru,Ростов-на-Дону
T,en,Bataysk,ru,Батайск
T,en,Volgodonsk,ru,Волгодонск
T,en,Gukovo,ru,Гуково
T,en,Donetsk,ru,Донецк
T,en,Zverevo,ru,Зверево
T,en,KamenskSHakhtinskiy,ru,Каменск-Шахтинский
T,en,Novocherkassk,ru,Новочеркасск
T,en,Novoshakhtinsk,ru,Новошахтинск
T,en,Taganrog,ru,Таганрог
T,en,SHakhty,ru,Шахты
T,en,Azov,ru,Азов
T,en,Aksay,ru,Аксай
T,en,Belaya Kalitva,ru,Белая Калитва
T,en,Zernograd,ru,Зерноград
T,en,Konstantinovsk,ru,Константиновск
T,en,Krasnyy Sulin,ru,Красный Сулин
T,en,Millerovo,ru,Миллерово
T,en,Morozovsk,ru,Морозовск
T,en,Proletarsk,ru,Пролетарск
T,en,Salsk,ru,Сальск
T,en,Semikarakorsk,ru,Семикаракорск
T,en,TSimlyansk,ru,Цимлянск
R,en,Ryazanskaya obl,ru,Рязанская обл
T,en,Ryazan,ru,Рязань
T,en,Sasovo,ru,Сасово
T,en,Skopin,ru,Скопин
T,en,Kasimov,ru,Касимов
T,en,SpasKlepiki,ru,Спас-Клепики
T,en,Korablino,ru,Кораблино
T,en,Mikhaylov,ru,Михайлов
T,en,Novomichurinsk,ru,Новомичуринск
T,en,Rybnoe,ru,Рыбное
T,en,Ryazhsk,ru,Ряжск
T,en,SpasskRyazanskiy,ru,Спасск-Рязанский
T,en,SHatsk,ru,Шацк
R,en,Samarskaya obl,ru,Самарская обл
T,en,Samara,ru,Самара
T,en,ZHigulevsk,ru,Жигулевск
T,en,Novokuybyshevsk,ru,Новокуйбышевск
T,en,Oktyabrsk,ru,Октябрьск
T,en,Otradnyy,ru,Отрадный
T,en,CHapaevsk,ru,Чапаевск
T,en,Tolyatti,ru,Тольятти
T,en,Syzran,ru,Сызрань
T,en,Pokhvistnevo,ru,Похвистнево
T,en,Kinel,ru,Кинель
T,en,Neftegorsk,ru,Нефтегорск
R,en,Saratovskaya obl,ru,Саратовская обл
T,en,Saratov,ru,Саратов
T,en,SHikhany,ru,Шиханы
T,en,Atkarsk,ru,Аткарск
T,en,Balakovo,ru,Балаково
T,en,Balashov,ru,Балашов
T,en,Volsk,ru,Вольск
T,en,Volsk18,ru,Вольск-18
T,en,Krasnoarmeysk,ru,Красноармейск
T,en,Marks,ru,Маркс
T,en,Petrovsk,ru,Петровск
T,en,Pugachev,ru,Пугачев
T,en,Rtishchevo,ru,Ртищево
T,en,KHvalynsk,ru,Хвалынск
T,en,Engels,ru,Энгельс
T,en,Engels19,ru,Энгельс-19
T,en,Engels2,ru,Энгельс-2
T,en,Arkadak,ru,Аркадак
T,en,Ershov,ru,Ершов
T,en,Kalininsk,ru,Калининск
T,en,Krasnyy Kut,ru,Красный Кут
T,en,Novouzensk,ru,Новоузенск
R,en,Sakhalinskaya obl,ru,Сахалинская обл
T,en,YUzhnoSakhalinsk,ru,Южно-Сахалинск
T,en,Aniva,ru,Анива
T,en,Dolinsk,ru,Долинск
T,en,Korsakov,ru,Корсаков
T,en,Kurilsk,ru,Курильск
T,en,Makarov,ru,Макаров
T,en,Nevelsk,ru,Невельск
T,en,Okha,ru,Оха
T,en,Poronaysk,ru,Поронайск
T,en,SeveroKurilsk,ru,Северо-Курильск
T,en,Tomari,ru,Томари
T,en,Uglegorsk,ru,Углегорск
T,en,SHakhtersk,ru,Шахтерск
T,en,KHolmsk,ru,Холмск
T,en,AleksandrovskSakhalinskiy,ru,Александровск-Сахалинский
R,en,Sverdlovskaya obl,ru,Свердловская обл
T,en,Ekaterinburg,ru,Екатеринбург
T,en,Asbest,ru,Асбест
T,en,Berezovskiy,ru,Березовский
T,en,Verkhnyaya Pyshma,ru,Верхняя Пышма
T,en,Zarechnyy,ru,Заречный
T,en,Ivdel,ru,Ивдель
T,en,Karpinsk,ru,Карпинск
T,en,Kachkanar,ru,Качканар
T,en,Kirovgrad,ru,Кировград
T,en,Krasnoturinsk,ru,Краснотурьинск
T,en,Krasnouralsk,ru,Красноуральск
T,en,Kushva,ru,Кушва
T,en,Lesnoy,ru,Лесной
T,en,Nizhnyaya Tura,ru,Нижняя Тура
T,en,Novouralsk,ru,Новоуральск
T,en,Pervouralsk,ru,Первоуральск
T,en,Polevskoy,ru,Полевской
T,en,Revda,ru,Ревда
T,en,Severouralsk,ru,Североуральск
T,en,KamenskUralskiy,ru,Каменск-Уральский
T,en,Nizhniy Tagil,ru,Нижний Тагил
T,en,Alapaevsk,ru,Алапаевск
T,en,Nizhnyaya Salda,ru,Нижняя Салда
T,en,Irbit,ru,Ирбит
T,en,Kamyshlov,ru,Камышлов
T,en,Krasnoufimsk,ru,Красноуфимск
T,en,Serov,ru,Серов
T,en,Verkhniy Tagil,ru,Верхний Тагил
T,en,Sredneuralsk,ru,Среднеуральск
T,en,Volchansk,ru,Волчанск
T,en,Verkhnyaya Tura,ru,Верхняя Тура
T,en,Degtyarsk,ru,Дегтярск
T,en,Artemovskiy,ru,Артемовский
T,en,Bogdanovich,ru,Богданович
T,en,Verkhnyaya Salda,ru,Верхняя Салда
T,en,Verkhoture,ru,Верхотурье
T,en,Nevyansk,ru,Невьянск
T,en,Nizhnie Sergi3,ru,Нижние Серги-3
T,en,Nizhnie Sergi,ru,Нижние Серги
T,en,Mikhaylovsk,ru,Михайловск
T,en,Novaya Lyalya,ru,Новая Ляля
T,en,Rezh,ru,Реж
T,en,Sukhoy Log,ru,Сухой Лог
T,en,Sysert,ru,Сысерть
T,en,Aramil,ru,Арамиль
T,en,Tavda,ru,Тавда
T,en,Talitsa,ru,Талица
T,en,Turinsk,ru,Туринск
R,en,Smolenskaya obl,ru,Смоленская обл
T,en,Desnogorsk,ru,Десногорск
T,en,Smolensk,ru,Смоленск
T,en,Velizh,ru,Велиж
T,en,Vyazma,ru,Вязьма
T,en,Gagarin,ru,Гагарин
T,en,Demidov,ru,Демидов
T,en,Dorogobuzh,ru,Дорогобуж
T,en,Dukhovshchina,ru,Духовщина
T,en,Elnya,ru,Ельня
T,en,Pochinok,ru,Починок
T,en,Roslavl,ru,Рославль
T,en,Rudnya,ru,Рудня
T,en,Safonovo,ru,Сафоново
T,en,Sychevka,ru,Сычевка
T,en,YArtsevo,ru,Ярцево
R,en,Tambovskaya obl,ru,Тамбовская обл
T,en,Kotovsk,ru,Котовск
T,en,Morshansk,ru,Моршанск
T,en,Tambov,ru,Тамбов
T,en,Kirsanov,ru,Кирсанов
T,en,Michurinsk,ru,Мичуринск
T,en,Rasskazovo,ru,Рассказово
T,en,Uvarovo,ru,Уварово
T,en,ZHerdevka,ru,Жердевка
R,en,Tverskaya obl,ru,Тверская обл
T,en,Tver,ru,Тверь
T,en,Torzhok,ru,Торжок
T,en,Rzhev,ru,Ржев
T,en,Nelidovo,ru,Нелидово
T,en,Kimry,ru,Кимры
T,en,Vyshniy Volochek,ru,Вышний Волочек
T,en,Andreapol,ru,Андреаполь
T,en,Bezhetsk,ru,Бежецк
T,en,Belyy,ru,Белый
T,en,Bologoe,ru,Бологое
T,en,Vesegonsk,ru,Весьегонск
T,en,Zapadnaya Dvina,ru,Западная Двина
T,en,Zubtsov,ru,Зубцов
T,en,Kalyazin,ru,Калязин
T,en,Kashin,ru,Кашин
T,en,Konakovo,ru,Конаково
T,en,Krasnyy KHolm,ru,Красный Холм
T,en,Kuvshinovo,ru,Кувшиново
T,en,Likhoslavl,ru,Лихославль
T,en,Ostashkov,ru,Осташков
T,en,Staritsa,ru,Старица
T,en,Toropets,ru,Торопец
T,en,Udomlya,ru,Удомля
R,en,Tomskaya obl,ru,Томская обл
T,en,Tomsk,ru,Томск
T,en,Kedrovyy,ru,Кедровый
T,en,Seversk,ru,Северск
T,en,Strezhevoy,ru,Стрежевой
T,en,Asino,ru,Асино
T,en,Kolpashevo,ru,Колпашево
R,en,Tulskaya obl,ru,Тульская обл
T,en,Tula,ru,Тула
T,en,Donskoy,ru,Донской
T,en,Aleksin,ru,Алексин
T,en,Belev,ru,Белев
T,en,Bogoroditsk,ru,Богородицк
T,en,Venev,ru,Венев
T,en,Efremov,ru,Ефремов
T,en,Kimovsk,ru,Кимовск
T,en,Kireevsk,ru,Киреевск
T,en,Bolokhovo,ru,Болохово
T,en,Lipki,ru,Липки
T,en,Novomoskovsk,ru,Новомосковск
T,en,Plavsk,ru,Плавск
T,en,Suvorov,ru,Суворов
T,en,CHekalin,ru,Чекалин
T,en,Uzlovaya,ru,Узловая
T,en,SHCHekino,ru,Щекино
T,en,Sovetsk,ru,Советск
T,en,YAsnogorsk,ru,Ясногорск
R,en,Tyumenskaya obl,ru,Тюменская обл
T,en,Tyumen,ru,Тюмень
T,en,Tobolsk,ru,Тобольск
T,en,Zavodoukovsk,ru,Заводоуковск
T,en,Ishim,ru,Ишим
T,en,YAlutorovsk,ru,Ялуторовск
R,en,Ulyanovskaya obl,ru,Ульяновская обл
T,en,Ulyanovsk,ru,Ульяновск
T,en,Dimitrovgrad,ru,Димитровград
T,en,Barysh,ru,Барыш
T,en,Novoulyanovsk,ru,Новоульяновск
T,en,Inza,ru,Инза
T,en,Sengiley,ru,Сенгилей
R,en,CHelyabinskaya obl,ru,Челябинская обл
T,en,CHelyabinsk,ru,Челябинск
T,en,Verkhniy Ufaley,ru,Верхний Уфалей
T,en,Zlatoust,ru,Златоуст
T,en,Karabash,ru,Карабаш
T,en,Kopeysk,ru,Копейск
T,en,Kyshtym,ru,Кыштым
T,en,Magnitogorsk,ru,Магнитогорск
T,en,Miass,ru,Миасс
T,en,Ozersk,ru,Озерск
T,en,Snezhinsk,ru,Снежинск
T,en,Trekhgornyy,ru,Трехгорный
T,en,UstKatav,ru,Усть-Катав
T,en,YUzhnouralsk,ru,Южноуральск
T,en,Trekhgornyy1,ru,Трехгорный-1
T,en,CHebarkul,ru,Чебаркуль
T,en,Minyar,ru,Миньяр
T,en,Sim,ru,Сим
T,en,Asha,ru,Аша
T,en,Kartaly,ru,Карталы
T,en,Kasli,ru,Касли
T,en,YUryuzan,ru,Юрюзань
T,en,KatavIvanovsk,ru,Катав-Ивановск
T,en,Bakal,ru,Бакал
T,en,Satka,ru,Сатка
T,en,Verkhneuralsk,ru,Верхнеуральск
T,en,Kusa,ru,Куса
T,en,Nyazepetrovsk,ru,Нязепетровск
T,en,Emanzhelinsk,ru,Еманжелинск
T,en,Korkino,ru,Коркино
T,en,Plast,ru,Пласт
R,en,Zabaykalskiy kray,ru,Забайкальский край
T,en,CHita,ru,Чита
T,en,Baley,ru,Балей
T,en,Borzya,ru,Борзя
T,en,Krasnokamensk,ru,Краснокаменск
T,en,Mogocha,ru,Могоча
T,en,Nerchinsk,ru,Нерчинск
T,en,PetrovskZabaykalskiy,ru,Петровск-Забайкальский
T,en,Sretensk,ru,Сретенск
T,en,KHilok,ru,Хилок
T,en,SHilka,ru,Шилка
R,en,YAroslavskaya obl,ru,Ярославская обл
T,en,YAroslavl,ru,Ярославль
T,en,PereslavlZalesskiy,ru,Переславль-Залесский
T,en,GavrilovYAm,ru,Гаврилов-Ям
T,en,Danilov,ru,Данилов
T,en,Lyubim,ru,Любим
T,en,Myshkin,ru,Мышкин
T,en,Poshekhone,ru,Пошехонье
T,en,Rostov,ru,Ростов
T,en,Rybinsk,ru,Рыбинск
T,en,Tutaev,ru,Тутаев
T,en,Uglich,ru,Углич
T,en,Troitsk,ru,Троицк
R,en,Evreyskaya Aobl,ru,Еврейская Аобл
T,en,Birobidzhan,ru,Биробиджан
T,en,Obluche,ru,Облучье
R,en,Nenetskiy AO,ru,Ненецкий АО
T,en,NaryanMar,ru,Нарьян-Мар
R,en,KHantyMansiyskiy Avtonomnyy okrug  YUgra AO,ru,Ханты-Мансийский Автономный округ - Югра АО
T,en,KHantyMansiysk,ru,Ханты-Мансийск
T,en,Kogalym,ru,Когалым
T,en,Langepas,ru,Лангепас
T,en,Megion,ru,Мегион
T,en,Nyagan,ru,Нягань
T,en,Pokachi,ru,Покачи
T,en,PytYAkh,ru,Пыть-Ях
T,en,Uray,ru,Урай
T,en,Surgut,ru,Сургут
T,en,Nizhnevartovsk,ru,Нижневартовск
T,en,Beloyarskiy,ru,Белоярский
T,en,Nefteyugansk,ru,Нефтеюганск
T,en,Raduzhnyy,ru,Радужный
T,en,YUgorsk,ru,Югорск
T,en,Sovetskiy,ru,Советский
T,en,Lyantor,ru,Лянтор
R,en,CHukotskiy AO,ru,Чукотский АО
T,en,Anadyr,ru,Анадырь
T,en,Bilibino,ru,Билибино
T,en,Pevek,ru,Певек
R,en,YAmaloNenetskiy AO,ru,Ямало-Ненецкий АО
T,en,Salekhard,ru,Салехард
T,en,Gubkinskiy,ru,Губкинский
T,en,Labytnangi,ru,Лабытнанги
T,en,Muravlenko,ru,Муравленко
T,en,Nadym,ru,Надым
T,en,Novyy Urengoy,ru,Новый Уренгой
T,en,Noyabrsk,ru,Ноябрьск
T,en,TarkoSale,ru,Тарко-Сале
T,en,Baykonur,ru,Байконур
R,en,Krim Resp,ru,Крым Респ
T,en,Simferopol,ru,Симферополь
T,en,Sevastopol,ru,Севастополь
T,en,Kerch,ru,Керчь
T,en,Evpatorija,ru,Евпатория
T,en,JAlta,ru,Ялта
T,en,Alushta,ru,Алушта
T,en,Feodosija,ru,Феодосия
T,en,Dzhankoj,ru,Джанкой
T,en,Krasnoperekopsk,ru,Красноперекопск
T,en,Bahchisaraj,ru,Бахчисарай
T,en,Saki,ru,Саки
T,en,Armjans'k,ru,Армянськ
T,en,Sudak,ru,Судак
T,en,Primors'kij,ru,Приморский
T,en,Gvardijskoe,ru,Гвардейское
T,en,Inkerman,ru,Инкерман
T,en,Oktjabrskoe,ru,Октябрьское
T,en,Gaspra,ru,Гаспра
T,en,Gresovskij,ru,Грэсовский
T,en,Krasnogvardijskoe,ru,Красногвардейское
S,en,Georgia,ru,Грузия
T,en,Tbilisi,ru,Тбилиси
T,en,Batumi,ru,Батуми
T,en,Sukhumi,ru,Сухуми
S,en,Latvia,ru,Латвия
T,en,Daugavpils,ru,Даугавпилс
T,en,Jelgava,ru,Елгава
T,en,Jurmala,ru,Юрмала
T,en,Liepaja,ru,Лиепая
T,en,Riga,ru,Рига
T,en,Ventspils,ru,Вентспилс
S,en,Lithuania,ru,Литва
T,en,Vilnius,ru,Вильнюс
T,en,Kaunas,ru,Каунас
T,en,Klaipeda,ru,Клайпеда
S,en,Moldova,ru,Молдавия
T,en,Kishinev,ru,Кишинев
T,en,Tiraspol,ru,Тирасполь
S,en,Ukraine,ru,Украина
T,en,Kiev,ru,Киев
T,en,Kharkiv,ru,Харьков
T,en,Dnipropetrovsk,ru,Днепропетровск
T,en,Odessa,ru,Одесса
T,en,Donetsk,ru,Донецк
T,en,Zaporizhia,ru,Запорожье
T,en,Lviv,ru,Львов
T,en,Kryvyj Rih,ru,Кривой Рог
T,en,Mykolaiv,ru,Николаев
T,en,Mariupol,ru,Мариуполь
T,en,Luhansk,ru,Луганск
T,en,Vinnitsia,ru,Винница
T,en,Kherson,ru,Херсон
T,en,Poltava,ru,Полтава
T,en,Chernihiv,ru,Чернигов
T,en,Cherkasy,ru,Черкасcы
T,en,Sumy,ru,Сумы
T,en,Zhytomir,ru,Житомир
T,en,Dniprodzerzhynsk,ru,Днепродзержинск
T,en,Kirovohrad,ru,Кировоград
T,en,Khmelnytskyi,ru,Хмельницкий
S,en,Kazakhstan,ru,Казахстан
T,en,Astana,ru,Астана
T,en,Aqtobe,ru,Актобе
T,en,Almaty,ru,Алматы
T,en,Zharkent,ru,Жаркент
T,en,Taldykoragn,ru,Талдыкорган
T,en,Atyrau,ru,Атырау
T,en,Ust-Kamenogorsk,ru,Усть-Каменогорск
T,en,Zyrayanovsk,ru,Зыряновск
T,en,Kurchatov,ru,Курчатов
T,en,Leninogorsk,ru,Лениногорск
T,en,Semipalatinsk,ru,Семипалатинск
T,en,Serebryansk,ru,Серебрянск
T,en,Shulbinsk,ru,Шульбинск
T,en,Taraz,ru,Тараз
T,en,Chu,ru,Шу
T,en,Uralsk,ru,Уральск
T,en,Chapaev,ru,Чапаев
T,en,Karaganda,ru,Караганда
T,en,Balkash,ru,Балхаш
T,en,Dzhezkazgan,ru,Жезказган
T,en,Temirtau,ru,Темиртау
T,en,Shakhtinsk,ru,Шахтинск
T,en,Kostanai,ru,Костанай
T,en,Lisakovsk,ru,Лисаковск
T,en,Baikonur,ru,Байконур
T,en,Aralsk,ru,Аральск
T,en,Aqtau,ru,Актау
T,en,Pavlodar,ru,Павлодар
T,en,Irtyshsk,ru,Иртышск
T,en,Ekibastuz,ru,Экибастуз
T,en,Shymkent,ru,Шымкент
S,en,Turkmenistan,ru,Туркменистан
S,en,Armenia,ru,Армения
T,en,Yerevan,ru,Ереван
S,en,Tajikistan,ru,Таджикистан
S,en,Uzbekistan,ru,Узбекистан
S,en,Kyrgyzstan,ru,Кыргызстан
